CÓDIGOS ÚNICOS DE MEDIDA,MEDIDAS IMPUESTAS,COORDINACIÓN,N° DOC DE DICTADO DE MEDIDA ADMINISTRATIVA (RESOLUCION/ACTA),TIPO DOC DE DICTADO DE MEDIDA ADMINISTRATIVA,FECHA DE DOCUMENTO QUE DICTA MEDIDA ADMINISTRATIVA,FECHA DE NOTIFICACIÓN DEL DOC QUE DICTA MEDIDA ADMINISTRATIVA,ORIGEN DE LA MEDIDA ADMINISTRATIVA,CÓDIGO /NÚMERO DE DOCUMENTO DE ORIGEN,N° DE EXPEDIENTE,ADMINISTRADO,UNIDAD FISCALIZABLE
0389-2019/PROY-1-CMIN,0389-2019/PROY-1-CMIN,CMIN,0021-2020-OEFA/DSEM,RESOLUCIÓN,11/3/2020,12/3/2020,VERIFICACIÓN DE OBLIGACIONES AMBIENTALES,S/N,0389-2019-DSEM-CMIN,MINISTERIO DE ENERGIA Y MINAS,QUIRUVILCA
0021-2020/PROY-1-CMIN,0021-2020/PROY-1-CMIN,CMIN,0020-2020-OEFA/DSEM,RESOLUCIÓN,10/3/2020,11/3/2020,VERIFICACIÓN DE OBLIGACIONES AMBIENTALES,S/N,0021-2020-DSEM-CMIN,VOLCAN COMPANIA MINERA S.A.A.,CARAHUACRA
0388-2019/PROY-1-CMIN,0388-2019/PROY-1-CMIN,CMIN,0090-2020-OEFA/DSEM,RESOLUCIÓN,3/12/2020,3/12/2020,VERIFICACIÓN DE OBLIGACIONES AMBIENTALES,S/N,0388-2019-DSEM-CMIN,"SOUTHERN PERU COPPER CORPORATION, SUCURSAL DEL PERÚ",TÍA MARÍA
0504-2018/PROY-1-CMIN,0504-2018/PROY-1-CMIN,CMIN,0064-2020-OEFA/DSEM,RESOLUCIÓN,22/9/2020,23/9/2020,VERIFICACIÓN DE OBLIGACIONES AMBIENTALES,S/N,0504-2018-DSEM-CMIN,VOLCAN COMPANIA MINERA S.A.A.,ANDAYCHAGUA
0105-2020/PROY-1-CMIN,0105-2020/PROY-1-CMIN,CMIN,0044-2020-OEFA/DSEM,RESOLUCIÓN,17/7/2020,17/7/2020,VERIFICACIÓN DE OBLIGACIONES AMBIENTALES,S/N,0105-2020-DSEM-CMIN,COMPANIA MINERA ARES S.A.C.,ARES
0037-2020/PROY-1-CMIN,0037-2020/PROY-1-CMIN,CMIN,0033-2020-OEFA/DSEM,RESOLUCIÓN,29/5/2020,1/6/2020,VERIFICACIÓN DE OBLIGACIONES AMBIENTALES,S/N,0037-2020-DSEM-CMIN,EMPRESA ADMINISTRADORA CERRO S.A.C.,CERRO DE PASCO
0083-2020/PROY-1-CMIN,0083-2020/PROY-1-CMIN,CMIN,0052-2020-OEFA/DSEM,RESOLUCIÓN,19/8/2020,20/8/2020,VERIFICACIÓN DE OBLIGACIONES AMBIENTALES,S/N,0083-2020-DSEM-CMIN,"SOUTHERN PERU COPPER CORPORATION, SUCURSAL DEL PERÚ",CUAJONE
0111-2020/PROY-1-CMIN,0111-2020/PROY-1-CMIN,CMIN,0070-2020-OEFA/DSEM,RESOLUCIÓN,29/9/2020,2/10/2020,VERIFICACIÓN DE OBLIGACIONES AMBIENTALES,S/N,0111-2020-DSEM-CMIN,RUC INVÁLIDO,SAN SEBASTIÁN
0135-2020/PROY-1-CMIN,0135-2020/PROY-1-CMIN,CMIN,0071-2020-OEFA/DSEM,RESOLUCIÓN,29/9/2020,2/10/2020,VERIFICACIÓN DE OBLIGACIONES AMBIENTALES,S/N,0135-2020-DSEM-CMIN,COMPAÑIA MINERA KOLPA S.A.,HUACHOCOLPA UNO
0085-2020/PROY-1-CMIN,0085-2020/PROY-1-CMIN,CMIN,0074-2020-OEFA/DSEM,RESOLUCIÓN,28/10/2020,29/10/2020,VERIFICACIÓN DE OBLIGACIONES AMBIENTALES,S/N,0085-2020-DSEM-CMIN,MINERA IRL S.A.,CORIHUARMI
0157-2020/PROY-1-CMIN,0157-2020/PROY-1-CMIN,CMIN,0063-2020-OEFA/DSEM,RESOLUCIÓN,21/9/2020,21/9/2020,VERIFICACIÓN DE OBLIGACIONES AMBIENTALES,S/N,0157-2020-DSEM-CMIN,SOCIEDAD MINERA EL BROCAL S.A.A.,COLQUIJIRCA
0140-2020/PROY-1-CMIN,0140-2020/PROY-1-CMIN,CMIN,0087-2020-OEFA/DSEM,RESOLUCIÓN,19/11/2020,23/11/2020,VERIFICACIÓN DE OBLIGACIONES AMBIENTALES,S/N,0140-2020-DSEM-CMIN,COMPAÑIA MINERA SAYAPULLO S. A. EN LIQUIDACION,PASIVOS AMBIENTALES MINEROS SAYAPULLO
0216-2020/PROY-1-CMIN,0216-2020/PROY-1-CMIN,CMIN,0076-2020-OEFA/DSEM,RESOLUCIÓN,30/10/2020,4/11/2020,VERIFICACIÓN DE OBLIGACIONES AMBIENTALES,S/N,0216-2020-DSEM-CMIN,SOCIEDAD MINERA EL BROCAL S.A.A.,COLQUIJIRCA
0010-2020/PROY-1-CMIN,0010-2020/PROY-1-CMIN,CMIN,0077-2020-OEFA/DSEM,RESOLUCIÓN,30/10/2020,4/11/2020,VERIFICACIÓN DE OBLIGACIONES AMBIENTALES,S/N,0010-2020-DSEM-CMIN,MINERA IRL S.A.,CORIHUARMI
0166-2020/PROY-1-CMIN,0166-2020/PROY-1-CMIN,CMIN,0020-2021-OEFA/DSEM,RESOLUCIÓN,8/2/2021,9/2/2021,VERIFICACIÓN DE OBLIGACIONES AMBIENTALES,S/N,0166-2020-DSEM-CMIN,EMPRESA ADMINISTRADORA CERRO S.A.C.,CERRO DE PASCO
0167-2020/PROY-1-CMIN,0167-2020/PROY-1-CMIN,CMIN,0015-2021-OEFA/DSEM,RESOLUCIÓN,1/2/2021,2/2/2021,VERIFICACIÓN DE OBLIGACIONES AMBIENTALES,S/N,0167-2020-DSEM-CMIN,RUC INVÁLIDO,PLANTA DE ÓXIDOS
0165-2020/PROY-1-CMIN,0165-2020/PROY-1-CMIN,CMIN,0081-2020-OEFA/DSEM,RESOLUCIÓN,13/11/2020,17/11/2021,VERIFICACIÓN DE OBLIGACIONES AMBIENTALES,S/N,0165-2020-DSEM-CMIN,LA ARENA S.A.,LA ARENA
0213-2020/PROY-1-CMIN,0213-2020/PROY-1-CMIN,CMIN,0088-2020-OEFA/DSEM,RESOLUCIÓN,23/11/2020,25/11/2021,VERIFICACIÓN DE OBLIGACIONES AMBIENTALES,S/N,0213-2020-DSEM-CMIN,DOE RUN PERU S.R.L. EN LIQUIDACION EN MARCHA,COBRIZA
0301-2018/PROY-1-CMIN,0301-2018/PROY-1-CMIN,CMIN,0109-2020-OEFA/DSEM,RESOLUCIÓN,28/12/2020,30/12/2020,TFA,226-2020-OEFA/TFA-SE,0301-2018-DSEM-CMIN,DOE RUN PERU S.R.L. EN LIQUIDACION EN MARCHA,COMPLEJO METALÚRGICO DE LA OROYA
0268-2020/PROY-1-CMIN,0268-2020/PROY-1-CMIN,CMIN,0001-2021-OEFA/DSEM,RESOLUCIÓN,13/1/2021,13/1/2021,VERIFICACIÓN DE OBLIGACIONES AMBIENTALES,S/N,0268-2020-DSEM-CMIN,MINERA YANACOCHA S.R.L.,CHAUPILOMA SUR
0243-2020/PROY-1-CMIN,0243-2020/PROY-1-CMIN,CMIN,0002-2021-OEFA/DSEM,RESOLUCIÓN,13/1/2021,14/1/2021,VERIFICACIÓN DE OBLIGACIONES AMBIENTALES,S/N,0243-2020-DSEM-CMIN,SHOUGANG HIERRO PERU S.A.A.,MARCONA
0380-2019/PROY-1-CMIN,0380-2019/PROY-1-CMIN,CMIN,0101-2020-OEFA/DSEM,RESOLUCIÓN,11/12/2020,11/12/2020,TFA,MEMORANDO N° 577-2020-OEFA/TFA-ST,0380-2019-DSEM-CMIN,MINERA LAS BAMBAS S.A.,LAS BAMBAS
0278-2020/PROY-2-CMIN,0278-2020/PROY-2-CMIN,CMIN,0009-2021-OEFA/DSEM,RESOLUCIÓN,28/1/2021,29/1/2021,VERIFICACIÓN DE OBLIGACIONES AMBIENTALES,S/N,0278-2020-DSEM-CMIN,SUMMA GOLD CORPORATION S.A.C.,EL TORO
0222-2020/PROY-1-CMIN,0222-2020/PROY-1-CMIN,CMIN,0016-2021-OEFA/DSEM,RESOLUCIÓN,1/2/2021,3/2/2021,VERIFICACIÓN DE OBLIGACIONES AMBIENTALES,S/N,0222-2020-DSEM-CMIN,RUC INVÁLIDO,LA VIRGEN
0177-2020/PROY-1-CMIN,0177-2020/PROY-1-CMIN,CMIN,0041-2021-OEFA/DSEM,RESOLUCIÓN,4/3/2021,4/3/2021,DEAM,MEMORANDO N° 078-2021-OEFA/DEAM,0177-2020-DSEM-CMIN,ARUNTANI S.A.C.,FLORENCIA - TUCARI
0279-2020/PROY-1-CMIN,0279-2020/PROY-1-CMIN,CMIN,0033-2021-OEFA/DSEM,RESOLUCIÓN,25/2/2021,26/2/2021,VERIFICACIÓN DE OBLIGACIONES AMBIENTALES,S/N,0279-2020-DSEM-CMIN,MINERA CHINALCO PERÚ S.A.,TOROMOCHO
0185-2020/PROY-1-CMIN,0185-2020/PROY-1-CMIN,CMIN,0167-2021-OEFA/DSEM,RESOLUCIÓN,30/9/2021,1/10/2021,DEAM,MEMORANDO N° 387-2021-OEFA/DEAM,0185-2020-DSEM-CMIN,CORPORACION MINERA CENTAURO S.A.C.,QUICAY
0177-2020/PROY-2-CMIN,0177-2020/PROY-2-CMIN,CMIN,0043-2021-OEFA/DSEM,RESOLUCIÓN,5/3/2021,8/3/2021,DEAM,MEMORANDO N° 078-2021-OEFA/DEAM,0177-2020-DSEM-CMIN,ARUNTANI S.A.C.,FLORENCIA - TUCARI
0006-2021/PROY-1-CMIN,0006-2021/PROY-1-CMIN,CMIN,0081-2021-OEFA/DSEM,RESOLUCIÓN,3/5/2021,3/5/2021,VERIFICACIÓN DE OBLIGACIONES AMBIENTALES,S/N,0006-2021-DSEM-CMIN,MINISTERIO DE ENERGIA Y MINAS,QUIRUVILCA
0016-2021/PROY-1-CMIN,0016-2021/PROY-1-CMIN,CMIN,0154-2021-OEFA/DSEM,RESOLUCIÓN,31/8/2021,1/9/2021,VERIFICACIÓN DE OBLIGACIONES AMBIENTALES,S/N,0016-2021-DSEM-CMIN,NEXA RESOURCES ATACOCHA S.A.A.,ATACOCHA
0012-2021/PROY-1-CMIN,0012-2021/PROY-1-CMIN,CMIN,0144-2021-OEFA/DSEM,RESOLUCIÓN,25/8/2021,27/8/2021,VERIFICACIÓN DE OBLIGACIONES AMBIENTALES,S/N,0012-2021-DSEM-CMIN,"SOUTHERN PERU COPPER CORPORATION, SUCURSAL DEL PERÚ",CUAJONE
0054-2021/PROY-1-CMIN,0054-2021/PROY-1-CMIN,CMIN,0110-2021-OEFA/DSEM,RESOLUCIÓN,30/6/2021,30/6/2021,VERIFICACIÓN DE OBLIGACIONES AMBIENTALES,S/N,0054-2021-DSEM-CMIN,"SOUTH METALLURGICAL RESOURCES, INC",WOLFRAMFED I
0063-2021/PROY-1-CMIN,0063-2021/PROY-1-CMIN,CMIN,0151-2021-OEFA/DSEM,RESOLUCIÓN,31/8/2021,1/9/2021,VERIFICACIÓN DE OBLIGACIONES AMBIENTALES,S/N,0063-2021-DSEM-CMIN,DOE RUN PERU S.R.L. EN LIQUIDACION EN MARCHA,COBRIZA
0006-2021/PROY-2-CMIN,0006-2021/PROY-2-CMIN,CMIN,0080-2021-OEFA/DSEM,RESOLUCIÓN,3/5/2021,3/5/2021,VERIFICACIÓN DE OBLIGACIONES AMBIENTALES,S/N,0006-2021-DSEM-CMIN,COMPAÑIA MINERA QUIRUVILCA S.A. EN LIQUIDACION,QUIRUVILCA
0021-2021/PROY-1-CMIN,0021-2021/PROY-1-CMIN,CMIN,0099-2021-OEFA/DSEM,RESOLUCIÓN,31/5/2021,2/6/2021,VERIFICACIÓN DE OBLIGACIONES AMBIENTALES,S/N,0021-2021-DSEM-CMIN,DOE RUN PERU S.R.L. EN LIQUIDACION EN MARCHA,COMPLEJO METALÚRGICO DE LA OROYA
0079-2021/PROY-1-CMIN,0079-2021/PROY-1-CMIN,CMIN,0152-2021-OEFA/DSEM,RESOLUCIÓN,31/8/2021,1/9/2021,VERIFICACIÓN DE OBLIGACIONES AMBIENTALES,S/N,0079-2021-DSEM-CMIN,EMPRESA ADMINISTRADORA CERRO S.A.C.,CERRO DE PASCO
0057-2021/PROY-1-CMIN,0057-2021/PROY-1-CMIN,CMIN,0112-2021-OEFA/DSEM,RESOLUCIÓN,30/6/2021,2/7/2021,VERIFICACIÓN DE OBLIGACIONES AMBIENTALES,S/N,0057-2021-DSEM-CMIN,VOLCAN COMPANIA MINERA S.A.A.,ANDAYCHAGUA
0104-2021/PROY-1-CMIN,0104-2021/PROY-1-CMIN,CMIN,0177-2021-OEFA/DSEM,RESOLUCIÓN,22/10/2021,26/10/2021,VERIFICACIÓN DE OBLIGACIONES AMBIENTALES,S/N,0104-2021-DSEM-CMIN,SOCIEDAD MINERA EL BROCAL S.A.A.,COLQUIJIRCA
0059-2021/PROY-1-CMIN,0059-2021/PROY-1-CMIN,CMIN,0147-2021-OEFA/DSEM,RESOLUCIÓN,31/8/2021,1/9/2021,VERIFICACIÓN DE OBLIGACIONES AMBIENTALES,S/N,0059-2021-DSEM-CMIN,COMPAÑIA MINERA SANTANDER SOCIEDAD ANONIMA CERRADA,SANTANDER
0111-2021/PROY-1-CMIN,0111-2021/PROY-1-CMIN,CMIN,0186-2021-OEFA/DSEM,RESOLUCIÓN,15/11/2021,17/11/2021,VERIFICACIÓN DE OBLIGACIONES AMBIENTALES,S/N,0111-2021-DSEM-CMIN,CONSORCIO DE INGENIEROS EJECUTORES MINEROS S.A.,EL COFRE
0125-2021/PROY-1-CMIN,0125-2021/PROY-1-CMIN,CMIN,0150-2021-OEFA/DSEM,RESOLUCIÓN,31/8/2021,1/9/2021,VERIFICACIÓN DE OBLIGACIONES AMBIENTALES,S/N,0125-2021-DSEM-CMIN,VOLCAN COMPANIA MINERA S.A.A.,CARAHUACRA
0284-2020/PROY-1-CMIN,0284-2020/PROY-1-CMIN,CMIN,0203-2021-OEFA/DSEM,RESOLUCIÓN,29/11/2021,30/11/2021,A SOLICITUD DE ENTIDAD EXTERNA,Oficio N° 00551-2021-MINAM/VMGA/DGPIGA,0284-2020-DSEM-CMIN,MINERA CHINALCO PERÚ S.A.,TOROMOCHO
0030-2021/PROY-2-CMIN,0030-2021/PROY-2-CMIN,CMIN,0162-2021-OEFA/DSEM,RESOLUCIÓN,29/9/2021,1/10/2021,A SOLICITUD DE ENTIDAD EXTERNA,OFICIO Nº 00432-2021-SENACE-PE/DEAR,0030-2021-DSEM-CMIN,SOCIEDAD MINERA RELIQUIAS S.A.C.,CAUDALOSA GRANDE Y RELÍQUIAS
0178-2020/PROY-2-CMIN,0178-2020/PROY-2-CMIN,CMIN,0176-2021-OEFA/DSEM,RESOLUCIÓN,22/10/2021,26/10/2021,DEAM,00166-2021-OEFA/DEAM,0178-2020-DSEM-CMIN,ANABI S.A.C.,ANABI
0039-2021/PROY-2-CMIN,0039-2021/PROY-2-CMIN,CMIN,0173-2021-OEFA/DSEM,RESOLUCIÓN,19/10/2021,20/10/2021,VERIFICACIÓN DE OBLIGACIONES AMBIENTALES,00358-2021-OEFA/DSEM-CMIN,0039-2021-DSEM-CMIN,COMPANIA MINERA ARES S.A.C.,ARES
0076-2021/PROY-1-CMIN,0076-2021/PROY-1-CMIN,CMIN,0222-2021-OEFA/DSEM,RESOLUCIÓN,29/12/2021,29/12/2021,VERIFICACIÓN DE OBLIGACIONES AMBIENTALES,S/N,0076-2021-DSEM-CMIN,COMPAÑIA MINERA LINCUNA S.A.,PASIVOS AMBIENTALES MINEROS DE LA UNIDAD MINERA LINCUNA DOS
0077-2021/PROY-1-CMIN,0077-2021/PROY-1-CMIN,CMIN,0218-2021-OEFA/DSEM,RESOLUCIÓN,28/12/2021,28/12/2021,VERIFICACIÓN DE OBLIGACIONES AMBIENTALES,S/N,0077-2021-DSEM-CMIN,COMPAÑIA MINERA LINCUNA S.A.,PASIVOS AMBIENTALES MINEROS DE LA UNIDAD MINERA LINCUNA TRES
0191-2021/PROY-1-CMIN,0191-2021/PROY-1-CMIN,CMIN,0220-2021-OEFA/DSEM,RESOLUCIÓN,29/12/2021,29/12/2021,VERIFICACIÓN DE OBLIGACIONES AMBIENTALES,S/N,0191-2021-DSEM-CMIN,COMPAÑIA MINERA LINCUNA S.A.,HUANCAPETI
0211-2021/PROY-1-CMIN,0211-2021/PROY-1-CMIN,CMIN,0011-2022-OEFA/DSEM,RESOLUCIÓN,25/1/2022,28/1/2022,VERIFICACIÓN DE OBLIGACIONES AMBIENTALES,S/N,0211-2021-DSEM-CMIN,"SOUTHERN PERU COPPER CORPORATION, SUCURSAL DEL PERÚ",TOQUEPALA
0275-2019/PROY-1-CMIN,0275-2019/PROY-1-CMIN,CMIN,0003-2020-OEFA/DSEM,RESOLUCIÓN,6/1/2020,8/1/2020,VERIFICACIÓN DE OBLIGACIONES AMBIENTALES,S/N,0275-2019-DSEM-CMIN,COMPAÑIA MINERA LINCUNA S.A.,HUANCAPETI
0042-2019/PROY-1-CMIN,0042-2019/PROY-1-CMIN,CMIN,0002-2020-OEFA/DSEM,RESOLUCIÓN,6/1/2020,8/1/2020,VERIFICACIÓN DE OBLIGACIONES AMBIENTALES,S/N,0042-2019-DSEM-CMIN,COMPAÑIA MINERA SAYAPULLO S. A. EN LIQUIDACION,PASIVOS AMBIENTALES MINEROS SAYAPULLO
0150-2019/PROY-1-CMIN,0150-2019/PROY-1-CMIN,CMIN,0008-2020-OEFA/DSEM,RESOLUCIÓN,31/1/2020,3/2/2020,VERIFICACIÓN DE OBLIGACIONES AMBIENTALES,S/N,0150-2019-DSEM-CMIN,ACTIVOS MINEROS S.A.C.,PASIVOS AMBIENTALES MINEROS DE LA EX UNIDAD MINERA LA PASTORA
0339-2019/PROY-1-CMIN,0339-2019/PROY-1-CMIN,CMIN,0009-2020-OEFA/DSEM,RESOLUCIÓN,3/2/2020,3/2/2020,VERIFICACIÓN DE OBLIGACIONES AMBIENTALES,S/N,0339-2019-DSEM-CMIN,RUC INVÁLIDO,SANTA ROSA
0233-2019/PROY-1-CMIN,0233-2019/PROY-1-CMIN,CMIN,0010-2020-OEFA/DSEM,RESOLUCIÓN,10/2/2020,11/2/2020,VERIFICACIÓN DE OBLIGACIONES AMBIENTALES,S/N,0233-2019-DSEM-CMIN,CENTRO DE INVESTIGACION Y ESTUDIOS MINERO AMBIENTAL S.A.C - CIEMAM S.A.C.,PASIVOS AMBIENTALES MINEROS DE LA UNIDAD MINERA COLQUIRRUMI - ÁREA HUALGAYOC
0151-2019/PROY-1-CMIN,0151-2019/PROY-1-CMIN,CMIN,0012-2020-OEFA/DSEM,RESOLUCIÓN,17/2/2020,18/2/2020,VERIFICACIÓN DE OBLIGACIONES AMBIENTALES,S/N,0151-2019-DSEM-CMIN,ACTIVOS MINEROS S.A.C.,PASIVOS AMBIENTALES MINEROS DE LA EX UNIDAD MINERA CLEOPATRA
0361-2019/PROY-1-CMIN,0361-2019/PROY-1-CMIN,CMIN,0015-2020-OEFA/DSEM,RESOLUCIÓN,21/2/2020,25/2/2020,VERIFICACIÓN DE OBLIGACIONES AMBIENTALES,S/N,0361-2019-DSEM-CMIN,ACTIVOS MINEROS S.A.C.,PASIVOS AMBIENTALES DE ORIGEN MINERO EN EL RÍO SAN JUAN Y DELTA UPAMAYO
0018-2021/PROY-1-CMIN,0018-2021/PROY-1-CMIN,CMIN,0219-2021-OEFA/DSEM,RESOLUCIÓN,28/12/2021,29/12/2021,VERIFICACIÓN DE OBLIGACIONES AMBIENTALES,S/N,0018-2021-DSEM-CMIN,"SOUTHERN PERU COPPER CORPORATION, SUCURSAL DEL PERÚ",TOQUEPALA
0133-2021/PROY-1-CMIN,0133-2021/PROY-1-CMIN,CMIN,0189-2021-OEFA/DSEM,RESOLUCIÓN,18/11/2021,23/11/2021,VERIFICACIÓN DE OBLIGACIONES AMBIENTALES,S/N,0133-2021-DSEM-CMIN,COMPAÑIA MINERA CHUNGAR S.A.C.,ALPAMARCA
0262-2020/PROY-1-CMIN,0262-2020/PROY-1-CMIN,CMIN,0161-2021-OEFA/DSEM,RESOLUCIÓN,23/9/2021,30/9/2021,A SOLICITUD DE ENTIDAD EXTERNA,Oficio N° 0975-2021/MINEM-DGM,0262-2020-DSEM-CMIN,MINISTERIO DE ENERGIA Y MINAS,55 PASIVOS AMBIENTALES MINEROS LA TAHONA
0041-2021/PROY-1-CMIN,0041-2021/PROY-1-CMIN,CMIN,0034-2022-OEFA/DSEM,RESOLUCIÓN,25/2/2022,4/3/2022,DEAM,0443-2021-OEFA/DEAM,0041-2021-DSEM-CMIN,MINISTERIO DE ENERGIA Y MINAS,ARASI
0041-2021/PROY-2-CMIN,0041-2021/PROY-2-CMIN,CMIN,0068-2022-OEFA/DSEM,RESOLUCIÓN,29/4/2022,6/5/2022,DEAM,0443-2021-OEFA/DEAM,0041-2021-DSEM-CMIN,ARUNTANI S.A.C.,ARASI
0159-2021/PROY-1-CMIN,0159-2021/PROY-1-CMIN,CMIN,0038-2022-OEFA/DSEM,RESOLUCIÓN,2/3/2022,8/3/2022,VERIFICACIÓN DE OBLIGACIONES AMBIENTALES,S/N,0159-2021-DSEM-CMIN,VOLCAN COMPANIA MINERA S.A.A.,ANDAYCHAGUA
0186-2021/PROY-1-CMIN,0186-2021/PROY-1-CMIN,CMIN,0043-2022-OEFA/DSEM,RESOLUCIÓN,11/3/2022,11/3/2022,VERIFICACIÓN DE OBLIGACIONES AMBIENTALES,S/N,0186-2021-DSEM-CMIN,COMPAÑIA MINERA CHUNGAR S.A.C.,ANIMON
0027-2022/PROY-1-CMIN,0027-2022/PROY-1-CMIN,CMIN,0044-2022-OEFA/DSEM,RESOLUCIÓN,14/3/2022,16/3/2022,VERIFICACIÓN DE OBLIGACIONES AMBIENTALES,S/N,0027-2022-DSEM-CMIN,"SOUTHERN PERU COPPER CORPORATION, SUCURSAL DEL PERÚ",CUAJONE
0180-2021/PROY-1-CMIN,0180-2021/PROY-1-CMIN,CMIN,0053-2022-OEFA/DSEM,RESOLUCIÓN,25/3/2022,25/3/2022,VERIFICACIÓN DE OBLIGACIONES AMBIENTALES,S/N,0180-2021-DSEM-CMIN,CIA MINERA SANTA LUISA S A,HUANZALA
0019-2022/PROY-1-CMIN,0019-2022/PROY-1-CMIN,CMIN,0033-2022-OEFA/DSEM,RESOLUCIÓN,25/2/2022,28/2/2022,VERIFICACIÓN DE OBLIGACIONES AMBIENTALES,S/N,0019-2022-DSEM-CMIN,MINERA CHINALCO PERÚ S.A.,TOROMOCHO
0244-2021/PROY-1-CMIN,0244-2021/PROY-1-CMIN,CMIN,0060-2022-OEFA/DSEM,RESOLUCIÓN,12/4/2022,12/4/2022,VERIFICACIÓN DE OBLIGACIONES AMBIENTALES,S/N,0244-2021-DSEM-CMIN,COMPAÑIA MINERA SAN IGNACIO DE MOROCOCHA S.A.A.,SAN VICENTE
0036-2021/PROY-1-CMIN,0036-2021/PROY-1-CMIN,CMIN,0101-2022-OEFA/DSEM,RESOLUCIÓN,23/5/2022,24/5/2022,DEAM,0368-2021-OEFA/DEAM,0036-2021-DSEM-CMIN,NEXA RESOURCES CAJAMARQUILLA S.A.,REFINERÍA DE ZINC CAJAMARQUILLA
0178-2021/PROY-1-CMIN,0178-2021/PROY-1-CMIN,CMIN,0141-2022-OEFA/DSEM,RESOLUCIÓN,14/7/2022,19/7/2022,VERIFICACIÓN DE OBLIGACIONES AMBIENTALES,S/N,0178-2021-DSEM-CMIN,NEXA RESOURCES EL PORVENIR S.A.C.,EL PORVENIR
0021-2022/PROY-1-CMIN,0021-2022/PROY-1-CMIN,CMIN,0186-2022-OEFA/DSEM,RESOLUCIÓN,31/8/2022,7/9/2022,VERIFICACIÓN DE OBLIGACIONES AMBIENTALES,S/N,0021-2022-DSEM-CMIN,NEXA RESOURCES EL PORVENIR S.A.C.,EL PORVENIR
0029-2022/PROY-1-CMIN,0029-2022/PROY-1-CMIN,CMIN,0123-2022-OEFA/DSEM,RESOLUCIÓN,23/6/2022,24/6/2022,VERIFICACIÓN DE OBLIGACIONES AMBIENTALES,S/N,0029-2022-DSEM-CMIN,MINERA LAS BAMBAS S.A.,LAS BAMBAS
0069-2022/PROY-1-CMIN,0069-2022/PROY-1-CMIN,CMIN,0131-2022-OEFA/DSEM,RESOLUCIÓN,30/6/2022,7/7/2022,VERIFICACIÓN DE OBLIGACIONES AMBIENTALES,S/N,0069-2022-DSEM-CMIN,CIA MINERA RAURA S A,RAURA
0083-2022/PROY-1-CMIN,0083-2022/PROY-1-CMIN,CMIN,0160-2022-OEFA/DSEM,RESOLUCIÓN,26/7/2022,26/7/2022,VERIFICACIÓN DE OBLIGACIONES AMBIENTALES,S/N,0083-2022-DSEM-CMIN,CONSORCIO MINERO HORIZONTE S.R.L.,ACUMULACIÓN PARCOY N° 1
0050-2022/PROY-1-CMIN,0050-2022/PROY-1-CMIN,CMIN,0189-2022-OEFA/DSEM,RESOLUCIÓN,5/9/2022,7/9/2022,VERIFICACIÓN DE OBLIGACIONES AMBIENTALES,S/N,0050-2022-DSEM-CMIN,INTIGOLD MINING SOCIEDAD ANONIMA - INTIGOLD MINING S.A.,CALPA
0039-2022/PROY-1-CMIN,0039-2022/PROY-1-CMIN,CMIN,0164-2022-OEFA/DSEM,RESOLUCIÓN,27/7/2022,2/8/2022,VERIFICACIÓN DE OBLIGACIONES AMBIENTALES,S/N,0039-2022-DSEM-CMIN,EMP.EXPLOTADORA DE VINCHOS LTDA S.A.C.,VINCHOS
0152-2021/PROY-1-CMIN,0152-2021/PROY-1-CMIN,CMIN,0135-2022-OEFA/DSEM,RESOLUCIÓN,6/7/2022,8/7/2022,A SOLICITUD DE ENTIDAD EXTERNA,"014-2022- MTC/16.01.DBY
",0152-2021-DSEM-CMIN,COMPAÑIA MINERA SANTANDER SOCIEDAD ANONIMA CERRADA,SANTANDER
0191-2021/PROY-2-CMIN,0191-2021/PROY-2-CMIN,CMIN,0146-2022-OEFA/DSEM,RESOLUCIÓN,18/7/2022,22/7/2022,VERIFICACIÓN DE OBLIGACIONES AMBIENTALES,0250-2022-OEFA/DSEM-CMIN,0191-2021-DSEM-CMIN,COMPAÑIA MINERA LINCUNA S.A.,HUANCAPETI
0111-2022/PROY-1-CMIN,0111-2022/PROY-1-CMIN,CMIN,0188-2022-OEFA/DSEM,RESOLUCIÓN,31/8/2022,2/9/2022,VERIFICACIÓN DE OBLIGACIONES AMBIENTALES,S/N,0111-2022-DSEM-CMIN,SOCIEDAD MINERA EL BROCAL S.A.A.,COLQUIJIRCA
0115-2022/PROY-1-CMIN,0115-2022/PROY-1-CMIN,CMIN,0187-2022-OEFA/DSEM,RESOLUCIÓN,31/8/2022,7/9/2022,VERIFICACIÓN DE OBLIGACIONES AMBIENTALES,S/N,0115-2022-DSEM-CMIN,MINERA IRL S.A.,CORIHUARMI
0102-2022/PROY-1-CMIN,0102-2022/PROY-1-CMIN,CMIN,0200-2022-OEFA/DSEM,RESOLUCIÓN,29/9/2022,30/9/2022,VERIFICACIÓN DE OBLIGACIONES AMBIENTALES,S/N,0102-2022-DSEM-CMIN,"SOUTHERN PERU COPPER CORPORATION, SUCURSAL DEL PERÚ",TOQUEPALA
0217-2021/PROY-1-CMIN,0217-2021/PROY-1-CMIN,CMIN,0202-2022-OEFA/DSEM,RESOLUCIÓN,30/9/2022,10/10/2022,VERIFICACIÓN DE OBLIGACIONES AMBIENTALES,S/N,0217-2021-DSEM-CMIN,COMPANIA MINERA ANTAMINA S.A,ANTAMINA
0149-2022/PROY-1-CMIN,0149-2022/PROY-1-CMIN,CMIN,0203-2022-OEFA/DSEM,RESOLUCIÓN,30/9/2022,10/10/2022,VERIFICACIÓN DE OBLIGACIONES AMBIENTALES,S/N,0149-2022-DSEM-CMIN,NORCOBRE S.A.C.,CONTONGA
0016-2022/PROY-1-CMIN,0016-2022/PROY-1-CMIN,CMIN,0205-2022-OEFA/DSEM,RESOLUCIÓN,30/9/2022,10/10/2022,VERIFICACIÓN DE OBLIGACIONES AMBIENTALES,S/N,0016-2022-DSEM-CMIN,ARUNTANI S.A.C.,FLORENCIA - TUCARI
0052-2022/PROY-1-CMIN,0052-2022/PROY-1-CMIN,CMIN,0223-2022-OEFA/DSEM,RESOLUCIÓN,28/10/2022,9/11/2022,VERIFICACIÓN DE OBLIGACIONES AMBIENTALES,S/N,0052-2022-DSEM-CMIN,EMPRESA ADMINISTRADORA CERRO S.A.C.,CERRO DE PASCO
0053-2022/PROY-1-CMIN,0053-2022/PROY-1-CMIN,CMIN,0224-2022-OEFA/DSEM,RESOLUCIÓN,28/10/2022,9/11/2022,VERIFICACIÓN DE OBLIGACIONES AMBIENTALES,S/N,0053-2022-DSEM-CMIN,RUC INVÁLIDO,PLANTA DE ÓXIDOS
0169-2022/PROY-1-CMIN,0169-2022/PROY-1-CMIN,CMIN,0240-2022-OEFA/DSEM,RESOLUCIÓN,17/11/2022,18/11/2022,VERIFICACIÓN DE OBLIGACIONES AMBIENTALES,S/N,0169-2022-DSEM-CMIN,MINERA YANACOCHA S.R.L.,CHAUPILOMA SUR
0187-2022/PROY-1-CMIN,0187-2022/PROY-1-CMIN,CMIN,0246-2022-OEFA/DSEM,RESOLUCIÓN,30/11/2022,2/12/2022,VERIFICACIÓN DE OBLIGACIONES AMBIENTALES,S/N,0187-2022-DSEM-CMIN,COMPAÑIA MINERA LINCUNA S.A.,HUANCAPETI
0149-2021/PROY-1-CMIN,0149-2021/PROY-1-CMIN,CMIN,0247-2022-OEFA/DSEM,RESOLUCIÓN,30/11/2022,7/12/2022,VERIFICACIÓN DE OBLIGACIONES AMBIENTALES,418-2021-OEFA/DSEM-CMIN,0149-2021-DSEM-CMIN,COMPAÑIA MINERA LINCUNA S.A.,PASIVOS AMBIENTALES MINEROS DE LA UNIDAD MINERA LINCUNA UNO
0183-2021/PROY-1-CMIN,0183-2021/PROY-1-CMIN,CMIN,0248-2022-OEFA/DSEM,RESOLUCIÓN,30/11/2022,2/12/2022,VERIFICACIÓN DE OBLIGACIONES AMBIENTALES,S/N,0183-2021-DSEM-CMIN,ACTIVOS MINEROS S.A.C.,64 PASIVOS AMBIENTALES MINEROS EL DORADO
0171-2022/PROY-1-CMIN,0171-2022/PROY-1-CMIN,CMIN,0250-2022-OEFA/DSEM,RESOLUCIÓN,30/11/2022,7/12/2022,VERIFICACIÓN DE OBLIGACIONES AMBIENTALES,S/N,0171-2022-DSEM-CMIN,VOLCAN COMPANIA MINERA S.A.A.,CARAHUACRA
0099-2022/PROY-2-CMIN,0099-2022/PROY-2-CMIN,CMIN,0253-2022-OEFA/DSEM,RESOLUCIÓN,30/11/2022,7/12/2022,VERIFICACIÓN DE OBLIGACIONES AMBIENTALES,S/N,0099-2022-DSEM-CMIN,CORPORACION MINERA CENTAURO S.A.C.,QUICAY
0243-2022/PROY-1-CMIN,0243-2022/PROY-1-CMIN,CMIN,0276-2022-OEFA/DSEM,RESOLUCIÓN,28/12/2022,3/1/2023,VERIFICACIÓN DE OBLIGACIONES AMBIENTALES,S/N,0243-2022-DSEM-CMIN,COMPAÑIA MINERA CONDESTABLE S.A.,ACUMULACIÓN CONDESTABLE
0018-2022/PROY-2-CMIN,0018-2022/PROY-2-CMIN,CMIN,0281-2022-OEFA/DSEM,RESOLUCIÓN,29/12/2022,3/1/2023,VERIFICACIÓN DE OBLIGACIONES AMBIENTALES,S/N,0018-2022-DSEM-CMIN,ARUNTANI S.A.C.,ARASI
0016-2022/PROY-2-CMIN,0016-2022/PROY-2-CMIN,CMIN,0037-2023-OEFA/DSEM,RESOLUCIÓN,22/2/2023,23/2/2023,VERIFICACIÓN DE OBLIGACIONES AMBIENTALES,S/N,0016-2022-DSEM-CMIN,ARUNTANI S.A.C.,FLORENCIA - TUCARI
0259-2022/PROY-1-CMIN,0259-2022/PROY-1-CMIN,CMIN,0058-2023-OEFA/DSEM,RESOLUCIÓN,31/3/2023,3/4/2023,VERIFICACIÓN DE OBLIGACIONES AMBIENTALES,S/N,0259-2022-DSEM-CMIN,MINISTERIO DE ENERGIA Y MINAS,55 PASIVOS AMBIENTALES MINEROS LA TAHONA
0133-2022/PROY-1-CMIN,0133-2022/PROY-1-CMIN,CMIN,0065-2023-OEFA/DSEM,RESOLUCIÓN,14/4/2023,17/4/2023,VERIFICACIÓN DE OBLIGACIONES AMBIENTALES,S/N,0133-2022-DSEM-CMIN,SIERRA ANTAPITE S.A.C.,ANTAPITE
0009-2022/PROY-1-CMIN,0009-2022/PROY-1-CMIN,CMIN,0082-2023-OEFA/DSEM,RESOLUCIÓN,2/5/2023,3/5/2023,DEAM,00700-2022-OEFA/DEAM,0009-2022-DSEM-CMIN,COMPANIA MINERA ARES S.A.C.,INMACULADA
0008-2022/PROY-1-CMIN,0008-2022/PROY-1-CMIN,CMIN,0092-2023-OEFA/DSEM,RESOLUCIÓN,19/5/2023,19/5/2023,DEAM,00881-2022-OEFA/DEAM,0008-2022-DSEM-CMIN,SOUTH AMERICA MINING INVESTMENTS S.A.C,BREAPAMPA
0016-2022/PROY-3-CMIN,0016-2022/PROY-3-CMIN,CMIN,0125-2023-OEFA/DSEM,RESOLUCIÓN,26/7/2023,31/7/2023,VERIFICACIÓN DE OBLIGACIONES AMBIENTALES,S/N,0016-2022-DSEM-CMIN,ARUNTANI S.A.C.,FLORENCIA - TUCARI
0024-2023/PROY-1-CMIN,0024-2023/PROY-1-CMIN,CMIN,0129-2023-OEFA/DSEM,RESOLUCIÓN,31/7/2023,1/8/2023,VERIFICACIÓN DE OBLIGACIONES AMBIENTALES,S/N,0024-2023-DSEM-CMIN,RUC INVÁLIDO,PLANTA DE ÓXIDOS
0020-2023/PROY-1-CMIN,0020-2023/PROY-1-CMIN,CMIN,0130-2023-OEFA/DSEM,RESOLUCIÓN,31/7/2023,1/8/2023,VERIFICACIÓN DE OBLIGACIONES AMBIENTALES,S/N,0020-2023-DSEM-CMIN,EMPRESA ADMINISTRADORA CERRO S.A.C.,CERRO DE PASCO
0151-2022/PROY-1-CMIN,0151-2022/PROY-1-CMIN,CMIN,0132-2023-OEFA/DSEM,RESOLUCIÓN,31/7/2023,1/8/2023,VERIFICACIÓN DE OBLIGACIONES AMBIENTALES,0219-2023-OEFA/DSEM-CMIN,0151-2022-DSEM-CMIN,CIA MINERA SANTA LUISA S A,PALLCA
0023-2022/PROY-1-CMIN,0023-2022/PROY-1-CMIN,CMIN,0144-2023-OEFA/DSEM,RESOLUCIÓN,21/8/2023,22/8/2023,DEAM,00541-2023-OEFA/DEAM,0023-2022-DSEM-CMIN,COMPAÑIA MINERA ANTAPACCAY S.A.,ANTAPACCAY - EXPANSIÓN TINTAYA
0035-2023/PROY-1-CMIN,0035-2023/PROY-1-CMIN,CMIN,0142-2023-OEFA/DSEM,RESOLUCIÓN,19/8/2023,21/8/2023,DEAM,00403-2023-OEFA/DEAM,0035-2023-DSEM-CMIN,COMPAÑIA MINERA ANTAPACCAY S.A.,ANTAPACCAY - EXPANSIÓN TINTAYA
0049-2023/PROY-1-CMIN,0049-2023/PROY-1-CMIN,CMIN,0153-2023-OEFA/DSEM,RESOLUCIÓN,31/8/2023,4/9/2023,VERIFICACIÓN DE OBLIGACIONES AMBIENTALES,S/N,0049-2023-DSEM-CMIN,SOCIEDAD MINERA EL BROCAL S.A.A.,COLQUIJIRCA
0056-2023/PROY-1-CMIN,0056-2023/PROY-1-CMIN,CMIN,0154-2023-OEFA/DSEM,RESOLUCIÓN,31/8/2023,4/9/2023,VERIFICACIÓN DE OBLIGACIONES AMBIENTALES,S/N,0056-2023-DSEM-CMIN,COMPAÑIA MINERA CHUNGAR S.A.C.,ANIMON
0067-2023/PROY-1-CMIN,0067-2023/PROY-1-CMIN,CMIN,0152-2023-OEFA/DSEM,RESOLUCIÓN,29/8/2023,31/8/2023,VERIFICACIÓN DE OBLIGACIONES AMBIENTALES,S/N,0067-2023-DSEM-CMIN,SOCIEDAD MINERA AUSTRIA DUVAZ S.A.C. EN LIQUIDACION,AUSTRIA DUVAZ
0076-2023/PROY-1-CMIN,0076-2023/PROY-1-CMIN,CMIN,0164-2023-OEFA/DSEM,RESOLUCIÓN,26/9/2023,26/9/2023,VERIFICACIÓN DE OBLIGACIONES AMBIENTALES,S/N,0076-2023-DSEM-CMIN,MINERA IRL S.A.,CORIHUARMI
0034-2023/PROY-1-CMIN,0034-2023/PROY-1-CMIN,CMIN,0169-2023-OEFA/DSEM,RESOLUCIÓN,29/9/2023,2/10/2023,VERIFICACIÓN DE OBLIGACIONES AMBIENTALES,S/N,0034-2023-DSEM-CMIN,COMPAÑIA MINERA SANTANDER SOCIEDAD ANONIMA CERRADA,SANTANDER
0072-2023/PROY-1-CMIN,0072-2023/PROY-1-CMIN,CMIN,0177-2023-OEFA/DSEM,RESOLUCIÓN,26/10/2023,27/10/2023,VERIFICACIÓN DE OBLIGACIONES AMBIENTALES,S/N,0072-2023-DSEM-CMIN,COMPAÑIA MINERA SAN IGNACIO DE MOROCOCHA S.A.A.,SAN VICENTE
0116-2023/PROY-1-CMIN,0116-2023/PROY-1-CMIN,CMIN,0012-2024-OEFA/DSEM,RESOLUCIÓN,11/1/2024,15/1/2024,VERIFICACIÓN DE OBLIGACIONES AMBIENTALES,S/N,0116-2023-DSEM-CMIN,SOCIEDAD MINERA EL BROCAL S.A.A.,COLQUIJIRCA
0093-2023/PROY-1-CMIN,0093-2023/PROY-1-CMIN,CMIN,0014-2024-OEFA/DSEM,RESOLUCIÓN,11/1/2024,16/1/2024,VERIFICACIÓN DE OBLIGACIONES AMBIENTALES,S/N,0093-2023-DSEM-CMIN,VOLCAN COMPANIA MINERA S.A.A.,ANDAYCHAGUA
0006-2023/PROY-1-CMIN,0006-2023/PROY-1-CMIN,CMIN,0016-2024-OEFA/DSEM,RESOLUCIÓN,11/1/2024,14/1/2024,DEAM,00567-2023-OEFA/DEAM,0006-2023-DSEM-CMIN,MINERA IRL S.A.,CORIHUARMI
0048-2023/PROY-1-CMIN,0048-2023/PROY-1-CMIN,CMIN,0049-2024-OEFA/DSEM,RESOLUCIÓN,6/2/2024,7/2/2024,VERIFICACIÓN DE OBLIGACIONES AMBIENTALES,S/N,0048-2023-DSEM-CMIN,CONSORCIO DE INGENIEROS EJECUTORES MINEROS S.A.,EL COFRE
0181-2023/PROY-1-CMIN,0181-2023/PROY-1-CMIN,CMIN,0050-2024-OEFA/DSEM,RESOLUCIÓN,6/2/2024,7/2/2024,VERIFICACIÓN DE OBLIGACIONES AMBIENTALES,S/N,"0181-2023-DSEM-CMIN",COMPANIA MINERA ARES S.A.C.,SIPÁN
0018-2023/PROY-1-CMIN,0018-2023/PROY-1-CMIN,CMIN,0054-2024-OEFA/DSEM,RESOLUCIÓN,13/2/2024,15/2/2024,VERIFICACIÓN DE OBLIGACIONES AMBIENTALES,S/N,0018-2023-DSEM-CMIN,ACTIVOS MINEROS S.A.C.,EX LA OROYA
0076-2023/PROY-2-CMIN,0076-2023/PROY-2-CMIN,CMIN,0061-2024-OEFA/DSEM,RESOLUCIÓN,26/2/2024,26/2/2024,VERIFICACIÓN DE OBLIGACIONES AMBIENTALES,S/N,0076-2023-DSEM-CMIN,MINERA IRL S.A.,CORIHUARMI
0048-2023/PROY-2-CMIN,0048-2023/PROY-2-CMIN,CMIN,0067-2024-OEFA/DSEM,RESOLUCIÓN,1/3/2024,1/3/2024,VERIFICACIÓN DE OBLIGACIONES AMBIENTALES,S/N,0048-2023-DSEM-CMIN,CONSORCIO DE INGENIEROS EJECUTORES MINEROS S.A.,EL COFRE
0221-2022/PROY-1-CMIN,0221-2022/PROY-1-CMIN,CMIN,0086-2024-OEFA/DSEM,RESOLUCIÓN,14/3/2024,14/3/2024,DEAM,00307-2023-OEFA/DEAM,0221-2022-DSEM-CMIN,COMPAÑIA MINERA ANTAPACCAY S.A.,ANTAPACCAY - EXPANSIÓN TINTAYA
0098-2022/PROY-1-CMIN,0098-2022/PROY-1-CMIN,CMIN,0093-2024-OEFA/DSEM,RESOLUCIÓN,27/3/2024,1/4/2024,VERIFICACIÓN DE OBLIGACIONES AMBIENTALES,S/N,0098-2022-DSEM-CMIN,ACTIVOS MINEROS S.A.C.,TÚNEL PUCARÁ Y BOCAMINA AZALIA DE LA MINA GOYLLARISQUIZGA
0101-2023/PROY-1-CMIN,0101-2023/PROY-1-CMIN,CMIN,0116-2024-OEFA/DSEM,RESOLUCIÓN,25/4/2024,26/4/2024,VERIFICACIÓN DE OBLIGACIONES AMBIENTALES,S/N,0101-2023-DSEM-CMIN,SHOUGANG HIERRO PERU S.A.A.,MARCONA
0058-2023/PROY-1-CMIN,0058-2023/PROY-1-CMIN,CMIN,0121-2024-OEFA/DSEM,RESOLUCIÓN,30/4/2024,30/4/2024,DEAM,00229-2024-OEFA/DEAM,0058-2023-DSEM-CMIN,MINERA YANACOCHA S.R.L.,CHAUPILOMA SUR
0016-2023/PROY-1-CMIN,0016-2023/PROY-1-CMIN,CMIN,0127-2024-OEFA/DSEM,RESOLUCIÓN,9/5/2024,9/5/2024,DEAM,01095-2023-OEFA/DEAM,0016-2023-DSEM-CMIN,COMPAÑIA MINERA SAN IGNACIO DE MOROCOCHA S.A.A.,SAN VICENTE
0023-2022/PROY-2-CMIN,0023-2022/PROY-2-CMIN,CMIN,0152-2024-OEFA/DSEM,RESOLUCIÓN,25/6/2024,25/6/2024,DEAM,01026-2023-OEFA/DEAM,0023-2022-DSEM-CMIN,COMPAÑIA MINERA ANTAPACCAY S.A.,ANTAPACCAY - EXPANSIÓN TINTAYA
0048-2023/PROY-3-CMIN,0048-2023/PROY-3-CMIN,CMIN,0155-2024-OEFA/DSEM,RESOLUCIÓN,27/6/2024,27/6/2024,VERIFICACIÓN DE OBLIGACIONES AMBIENTALES,S/N,0048-2023-DSEM-CMIN,CONSORCIO DE INGENIEROS EJECUTORES MINEROS S.A.,EL COFRE
0016-2023/PROY-2-CMIN,0016-2023/PROY-2-CMIN,CMIN,0165-2024-OEFA/DSEM,RESOLUCIÓN,19/7/2024,19/7/2024,DEAM,01095-2023-OEFA/DEAM,0016-2023-DSEM-CMIN,COMPAÑIA MINERA SAN IGNACIO DE MOROCOCHA S.A.A.,SAN VICENTE
0067-2023/PROY-2-CMIN,0067-2023/PROY-2-CMIN,CMIN,0170-2024-OEFA/DSEM,RESOLUCIÓN,31/7/2024,31/7/2024,VERIFICACIÓN DE OBLIGACIONES AMBIENTALES,S/N,0067-2023-DSEM-CMIN,SOCIEDAD MINERA AUSTRIA DUVAZ S.A.C. EN LIQUIDACION,AUSTRIA DUVAZ
0059-2023/PROY-1-CMIN,0059-2023/PROY-1-CMIN,CMIN,0183-2024-OEFA/DSEM,RESOLUCIÓN,22/8/2024,23/8/2024,VERIFICACIÓN DE OBLIGACIONES AMBIENTALES,S/N,0059-2023-DSEM-CMIN,SOCIEDAD MINERA EL BROCAL S.A.A.,PASIVOS AMBIENTALES MINEROS DE LA UNIDAD MINERA SANTA BÁRBARA
0046-2024/PROY-1-CMIN,0046-2024/PROY-1-CMIN,CMIN,0187-2024-OEFA/DSEM,RESOLUCIÓN,27/8/2024,27/8/2024,VERIFICACIÓN DE OBLIGACIONES AMBIENTALES,S/N,0046-2024-DSEM-CMIN,ARUNTANI S.A.C.,FLORENCIA - TUCARI
0016-2023/PROY-3-CMIN,0016-2023/PROY-3-CMIN,CMIN,0190-2024-OEFA/DSEM,RESOLUCIÓN,28/8/2024,28/8/2024,DEAM,01095-2023-OEFA/DEAM,0016-2023-DSEM-CMIN,COMPAÑIA MINERA SAN IGNACIO DE MOROCOCHA S.A.A.,SAN VICENTE
0012-2024/PROY-1-CMIN,0012-2024/PROY-1-CMIN,CMIN,0210-2024-OEFA/DSEM,RESOLUCIÓN,30/9/2024,1/10/2024,DEAM,00509-2024-OEFA/DEAM,0012-2024-DSEM-CMIN,ANAMA-VALERIA S.A.C.,ANAMA
0077-2024/PROY-1-CMIN,0077-2024/PROY-1-CMIN,CMIN,0211-2024-OEFA/DSEM,RESOLUCIÓN,30/9/2024,1/10/2024,VERIFICACIÓN DE OBLIGACIONES AMBIENTALES,S/N,0077-2024-DSEM-CMIN,MINERA VETA DORADA S.A.C.,PLANTA DE BENEFICIO HACIENDA METALEX
0005-2023/PROY-1-CMIN,0005-2023/PROY-1-CMIN,CMIN,0223-2024-OEFA/DSEM,RESOLUCIÓN,17/10/2024,18/10/2024,DEAM,00503-2024-OEFA/DEAM,0005-2023-DSEM-CMIN,EMPRESA ADMINISTRADORA CERRO S.A.C.,CERRO DE PASCO
0148-2023/PROY-1-CMIN,0148-2023/PROY-1-CMIN,CMIN,0233-2024-OEFA/DSEM,RESOLUCIÓN,25/10/2024,28/10/2024,VERIFICACIÓN DE OBLIGACIONES AMBIENTALES,S/N,0148-2023-DSEM-CMIN,COMPAÑIA DE MINAS BUENAVENTURA S.A.A.,PORACOTA
0186-2023/PROY-1-CMIN,0186-2023/PROY-1-CMIN,CMIN,0250-2024-OEFA/DSEM,RESOLUCIÓN,11/11/2024,11/11/2024,VERIFICACIÓN DE OBLIGACIONES AMBIENTALES,00468-2024-OEFA/DSEM-CMIN,0186-2023-DSEM-CMIN,CIA MINERA SANTA LUISA S A,PALLCA
0148-2023/PROY-2-CMIN,0148-2023/PROY-2-CMIN,CMIN,0262-2024-OEFA/DSEM,RESOLUCIÓN,28/11/2024,28/11/2024,DEAM,00791-2024-OEFA/DEAM,0148-2023-DSEM-CMIN,COMPAÑIA DE MINAS BUENAVENTURA S.A.A.,PORACOTA
0195-2024/PROY-1-CMIN,0195-2024/PROY-1-CMIN,CMIN,0270-2024-OEFA/DSEM,RESOLUCIÓN,12/12/2024,13/12/2024,VERIFICACIÓN DE OBLIGACIONES AMBIENTALES,S/N,0195-2024-DSEM-CMIN,CASTROVIRREYNA COMPAÑIA MINERA S.A. EN LIQUIDACION,PASIVOS AMBIENTALES MINEROS DE LA MINA ASTOHUARACA
0020-2024/PROY-1-CMIN,0020-2024/PROY-1-CMIN,CMIN,0015-2025-OEFA/DSEM,RESOLUCIÓN,10/1/2025,13/1/2025,VERIFICACIÓN DE OBLIGACIONES AMBIENTALES,S/N,0020-2024-DSEM-CMIN,ACTIVOS MINEROS S.A.C.,PASIVOS AMBIENTALES MINEROS DE LA EX UNIDAD MINERA SAN ANTONIO DE ESQUILACHE
0196-2024/PROY-1-CMIN,0196-2024/PROY-1-CMIN,CMIN,0024-2025-OEFA/DSEM,RESOLUCIÓN,20/1/2025,20/1/2025,VERIFICACIÓN DE OBLIGACIONES AMBIENTALES,S/N,0196-2024-DSEM-CMIN,MINERA LAS BAMBAS S.A.,LAS BAMBAS
0153-2024/PROY-1-CMIN,0153-2024/PROY-1-CMIN,CMIN,0036-2025-OEFA/DSEM,RESOLUCIÓN,30/1/2025,31/1/2025,VERIFICACIÓN DE OBLIGACIONES AMBIENTALES,S/N,0153-2024-DSEM-CMIN,SOUTH AMERICA MINING INVESTMENTS S.A.C,BREAPAMPA
0175-2024/PROY-1-CMIN,0175-2024/PROY-1-CMIN,CMIN,0044-2025-OEFA/DSEM,RESOLUCIÓN,12/2/2025,13/2/2025,VERIFICACIÓN DE OBLIGACIONES AMBIENTALES,S/N,0175-2024-DSEM-CMIN,ARUNTANI S.A.C.,SANTA ROSA
0143-2024/PROY-1-CMIN,0143-2024/PROY-1-CMIN,CMIN,0076-2025-OEFA/DSEM,RESOLUCIÓN,25/3/2025,31/3/2025,VERIFICACIÓN DE OBLIGACIONES AMBIENTALES,S/N,0143-2024-DSEM-CMIN,COMPANIA MINERA SAN VALENTIN S.A.,SAN VALENTÍN
0204-2024/PROY-1-CMIN,0204-2024/PROY-1-CMIN,CMIN,0077-2025-OEFA/DSEM,RESOLUCIÓN,25/3/2025,26/3/2025,VERIFICACIÓN DE OBLIGACIONES AMBIENTALES,S/N,0204-2024-DSEM-CMIN,ARUNTANI S.A.C.,ARASI
0016-2023/PROY-4-CMIN,0016-2023/PROY-4-CMIN,CMIN,0078-2025-OEFA/DSEM,RESOLUCIÓN,31/3/2025,31/3/2025,DEAM,00431-2024-OEFA/DEAM,0016-2023-DSEM-CMIN,COMPAÑIA MINERA SAN IGNACIO DE MOROCOCHA S.A.A.,SAN VICENTE
0056-2025/PROY-1-CMIN,0056-2025/PROY-1-CMIN,CMIN,0079-2025-OEFA/DSEM,RESOLUCIÓN,3/4/2025,3/4/2025,VERIFICACIÓN DE OBLIGACIONES AMBIENTALES,S/N,0056-2025-DSEM-CMIN,ACTIVOS MINEROS S.A.C.,PASIVOS AMBIENTALES MINEROS DE LA EX UNIDAD MINERA SANTA ROSA 2
0115-2025/PROY-1-CMIN,0115-2025/PROY-1-CMIN,CMIN,0114-2025-OEFA/DSEM,RESOLUCIÓN,20/5/2025,21/5/2025,VERIFICACIÓN DE OBLIGACIONES AMBIENTALES,S/N,0115-2025-DSEM-CMIN,ARUNTANI S.A.C.,FLORENCIA - TUCARI
0046-2024/PROY-2-CMIN,0046-2024/PROY-2-CMIN,CMIN,0101-2025-OEFA/DSEM,RESOLUCIÓN,6/5/2025,7/5/2025,VERIFICACIÓN DE OBLIGACIONES AMBIENTALES,S/N,0046-2024-DSEM-CMIN,ARUNTANI S.A.C.,FLORENCIA - TUCARI
0009-2025/PROY-1-CMIN,0009-2025/PROY-1-CMIN,CMIN,0124-2025-OEFA/DSEM,RESOLUCIÓN,2/6/2025,2/6/2025,VERIFICACIÓN DE OBLIGACIONES AMBIENTALES,S/N,"0009-2025-DSEM-CMIN",ARUNTANI S.A.C.,FLORENCIA - TUCARI
0115-2025/PROY-2-CMIN,0115-2025/PROY-2-CMIN,CMIN,0134-2025-OEFA/DSEM,RESOLUCIÓN,9/6/2025,9/6/2025,VERIFICACIÓN DE OBLIGACIONES AMBIENTALES,S/N,0115-2025-DSEM-CMIN,ARUNTANI S.A.C.,FLORENCIA - TUCARI
0127-2023/PROY-1-CMIN,0127-2023/PROY-1-CMIN,CMIN,0153-2025-OEFA/DSEM,RESOLUCIÓN,7/7/2025,7/7/2025,DEAM,00344-2025-OEFA/DEAM,0127-2023-DSEM-CMIN,NEXA RESOURCES EL PORVENIR S.A.C.,EL PORVENIR
0071-2024/PROY-1-CMIN,0071-2024/PROY-1-CMIN,CMIN,0171-2025-OEFA/DSEM,RESOLUCIÓN,31/7/2025,31/7/2025,DEAM,00987-2024-OEFA/DEAM,0071-2024-DSEM-CMIN,METALURGIA BUSINESS PERU S.A.,COMPLEJO METALÚRGICO DE LA OROYA
0147-2022/PROY-1-CMIN,0147-2022/PROY-1-CMIN,CMIN,0187-2025-OEFA/DSEM,RESOLUCIÓN,12/8/2025,12/8/2025,VERIFICACIÓN DE OBLIGACIONES AMBIENTALES,S/N,0147-2022-DSEM-CMIN,LA ARENA S.A.,LA ARENA
0036-2025/PROY-1-CMIN,0036-2025/PROY-1-CMIN,CMIN,0200-2025-OEFA/DSEM,RESOLUCIÓN,22/8/2025,25/8/2025,VERIFICACIÓN DE OBLIGACIONES AMBIENTALES,S/N,0036-2025-DSEM-CMIN,COMPANIA MINERA ARES S.A.C.,PALLANCATA
0090-2025/PROY-1-CMIN,0090-2025/PROY-1-CMIN,CMIN,0233-2025-OEFA/DSEM,RESOLUCIÓN,3/10/2025,6/10/2025,VERIFICACIÓN DE OBLIGACIONES AMBIENTALES,S/N,0090-2025-DSEM-CMIN,CIA MINERA COIMOLACHE SA,TANTAHUATAY
0232-2025/PROY-1-CMIN,0232-2025/PROY-1-CMIN,CMIN,0251-2025-OEFA/DSEM,RESOLUCIÓN,22/10/2025,22/10/2025,VERIFICACIÓN DE OBLIGACIONES AMBIENTALES,S/N,0232-2025-DSEM-CMIN,MINERA CHINALCO PERÚ S.A.,TOROMOCHO
0095-2025/PROY-1-CMIN,0095-2025/PROY-1-CMIN,CMIN,0260-2025-OEFA/DSEM,RESOLUCIÓN,5/11/2025,11/11/2025,VERIFICACIÓN DE OBLIGACIONES AMBIENTALES,S/N,0095-2025-DSEM-CMIN,SOUTH AMERICA MINING INVESTMENTS S.A.C,BREAPAMPA
0046-2025/PROY-1-CMIN,0046-2025/PROY-1-CMIN,CMIN,0288-2025-OEFA/DSEM,RESOLUCIÓN,28/11/2025,1/12/2025,DEAM,00977-2025-OEFA/DEAM,0046-2025-DSEM-CMIN,COMPAÑIA DE MINAS BUENAVENTURA S.A.A.,JULCANI
0216-2025/PROY-1-CMIN,0216-2025/PROY-1-CMIN,CMIN,0266-2025-OEFA/DSEM,RESOLUCIÓN,11/11/2025,12/11/2025,VERIFICACIÓN DE OBLIGACIONES AMBIENTALES,S/N,0216-2025-DSEM-CMIN,ARUNTANI S.A.C.,ARASI
0119-2025/PROY-1-CMIN,0119-2025/PROY-1-CMIN,CMIN,0282-2025-OEFA/DSEM,RESOLUCIÓN,20/11/2025,21/11/2025,DEAM,00563-2021-OEFA/DEAM,0119-2025-DSEM-CMIN,ARUNTANI S.A.C.,ARASI
0222-2025/PROY-1-CMIN,0222-2025/PROY-1-CMIN,CMIN,0287-2025-OEFA/DSEM,RESOLUCIÓN,28/11/2025,2/12/2025,VERIFICACIÓN DE OBLIGACIONES AMBIENTALES,S/N,0222-2025-DSEM-CMIN,SUMMA GOLD CORPORATION S.A.C.,EL TORO
0010-2025/PROY-1-CMIN,0010-2025/PROY-1-CMIN,CMIN,0301-2025-OEFA/DSEM,RESOLUCIÓN,11/12/2025,12/12/2025,VERIFICACIÓN DE OBLIGACIONES AMBIENTALES,00229-2025-OEFA/DSEM-CMIN,0010-2025-DSEM-CMIN,VOLCAN COMPANIA MINERA S.A.A.,ANDAYCHAGUA
0141-2023/PROY-1-CMIN,0141-2023/PROY-1-CMIN,CMIN,0306-2025-OEFA/DSEM,RESOLUCIÓN,24/12/2025,29/12/2025,DEAM,01058-2025-OEFA/DEAM,0141-2023-DSEM-CMIN,ANGLO AMERICAN QUELLAVECO S.A.,QUELLAVECO
0016-2025/PROY-1-CMIN,0016-2025/PROY-1-CMIN,CMIN,0001-2026-OEFA/DSEM,RESOLUCIÓN,5/1/2026,6/1/2026,DEAM,01364-2025-OEFA/DEAM,0016-2025-DSEM-CMIN,COMPANIA MINERA ANTAMINA S.A,PLANTA DE FILTRADO DE HUARMEY
0078-2021/PROY-1-CMIN,0078-2021/PROY-1-CMIN,CMIN,0035-2026-OEFA/DSEM,RESOLUCIÓN,17/2/2026,20/2/2026,VERIFICACIÓN DE OBLIGACIONES AMBIENTALES,S/N,0078-2021-DSEM-CMIN,EMPRESA ADMINISTRADORA CERRO S.A.C.,CERRO DE PASCO
0247-2025/PROY-1-CMIN,0247-2025/PROY-1-CMIN,CMIN,0063-2026-OEFA/DSEM,RESOLUCIÓN,30/3/2026,1/4/2026,VERIFICACIÓN DE OBLIGACIONES AMBIENTALES,S/N,0247-2025-DSEM-CMIN,ARUNTANI S.A.C.,FLORENCIA - TUCARI
0247-2025/PROY-2-CMIN,0247-2025/PROY-2-CMIN,CMIN,0076-2026-OEFA/DSEM,RESOLUCIÓN,21/4/2026,22/4/2026,VERIFICACIÓN DE OBLIGACIONES AMBIENTALES,S/N,0247-2025-DSEM-CMIN,ARUNTANI S.A.C.,FLORENCIA - TUCARI
0012-2024/PROY-2-CMIN,0012-2024/PROY-2-CMIN,CMIN,0103-2026-OEFA/DSEM,RESOLUCIÓN,28/5/2026,29/5/2026,DEAM,01091-2024-OEFA/DEAM,0012-2024-DSEM-CMIN,ANAMA-VALERIA S.A.C.,ANAMA
0023-2025/PROY-1-CMIN,0023-2025/PROY-1-CMIN,CMIN,0112-2026-OEFA/DSEM,RESOLUCIÓN,19/6/2026,22/6/2026,VERIFICACIÓN DE OBLIGACIONES AMBIENTALES,S/N,0023-2025-DSEM-CMIN,"SOUTHERN PERU COPPER CORPORATION, SUCURSAL DEL PERÚ",CUAJONE
0057-2021/ACTA 0001-CMIN,0057-2021/ACTA 0001-CMIN,CMIN,ACTA 0001-2021-OEFA/DSEM-CMIN,ACTA,16/5/2021,16/5/2021,IMPUESTA EN CAMPO,ACTA 0001-2021-OEFA/DSEM-CMIN,0057-2021-DSEM-CMIN,VOLCAN COMPANIA MINERA S.A.A.,ANDAYCHAGUA
0139-2021/ACTA 0002-CMIN,0139-2021/ACTA 0002-CMIN,CMIN,ACTA 0002-2021-OEFA/DSEM-CMIN,ACTA,25/7/2021,25/7/2021,IMPUESTA EN CAMPO,ACTA 0002-2021-OEFA/DSEM-CMIN,0139-2021-DSEM-CMIN,ACTIVOS MINEROS S.A.C.,PASIVOS AMBIENTALES MINEROS DE LA EX UNIDAD MINERA SAN ANTONIO DE ESQUILACHE
0140-2021/ACTA 0003-CMIN,0140-2021/ACTA 0003-CMIN,CMIN,ACTA 0003-2021-OEFA/DSEM-CMIN,ACTA,27/7/2021,27/7/2021,IMPUESTA EN CAMPO,ACTA 0003-2021-OEFA/DSEM-CMIN,0140-2021-DSEM-CMIN,CENTRO DE INVESTIGACION Y ESTUDIOS MINERO AMBIENTAL S.A.C - CIEMAM S.A.C.,PASIVOS AMBIENTALES MINEROS DE LA UNIDAD MINERA COLQUIRRUMI - ÁREA HUALGAYOC
0162-2021/ACTA 0004-CMIN,0162-2021/ACTA 0004-CMIN,CMIN,ACTA 0004-2021-OEFA/DSEM-CMIN,ACTA,13/8/2021,13/8/2021,IMPUESTA EN CAMPO,ACTA 0004-2021-OEFA/DSEM-CMIN,0162-2021-DSEM-CMIN,NEXA RESOURCES EL PORVENIR S.A.C.,EL PORVENIR
0213-2021/ACTA 0005-CMIN,0213-2021/ACTA 0005-CMIN,CMIN,ACTA 0005-2021-OEFA/DSEM-CMIN,ACTA,30/10/2021,30/10/2021,IMPUESTA EN CAMPO,ACTA 0005-2021-OEFA/DSEM-CMIN,0213-2021-DSEM-CMIN,MINERA BOROO MISQUICHILCA S.A.,LAGUNAS NORTE
0010-2020/ACTA 0001-CMIN,0010-2020/ACTA 0001-CMIN,CMIN,ACTA 0001-2020-OEFA/DSEM-CMIN,ACTA,15/1/2020,15/1/2020,IMPUESTA EN CAMPO,ACTA 0001-2020-OEFA/DSEM-CMIN,0010-2020-DSEM-CMIN,MINERA IRL S.A.,CORIHUARMI
0026-2020/ACTA 0002-CMIN,0026-2020/ACTA 0002-CMIN,CMIN,ACTA 0002-2020-OEFA/DSEM-CMIN,ACTA,17/2/2020,17/2/2020,IMPUESTA EN CAMPO,ACTA 0002-2020-OEFA/DSEM-CMIN,0026-2020-DSEM-CMIN,ANABI S.A.C.,UTUNSA
0029-2020/ACTA 0003-CMIN,0029-2020/ACTA 0003-CMIN,CMIN,ACTA 0003-2020-OEFA/DSEM-CMIN,ACTA,21/2/2020,21/2/2020,IMPUESTA EN CAMPO,ACTA 0003-2020-OEFA/DSEM-CMIN,0029-2020-DSEM-CMIN,VOLCAN COMPANIA MINERA S.A.A.,TICLIO
0004-2020/ACTA 0004-CMIN,0004-2020/ACTA 0004-CMIN,CMIN,ACTA 0004-2020-OEFA/DSEM-CMIN,ACTA,15/3/2020,15/3/2020,IMPUESTA EN CAMPO,ACTA 0004-2020-OEFA/DSEM-CMIN,0004-2020-DSEM-CMIN,ARUNTANI S.A.C.,ARASI
0255-2020/ACTA 0005-CMIN,0255-2020/ACTA 0005-CMIN,CMIN,ACTA 0005-2020-OEFA/DSEM-CMIN,ACTA,21/10/2020,21/10/2020,IMPUESTA EN CAMPO,ACTA 0005-2020-OEFA/DSEM-CMIN,0255-2020-DSEM-CMIN,ACTIVOS MINEROS S.A.C.,PASIVOS AMBIENTALES MINEROS DE LA EX UNIDAD MINERA SAN ANTONIO DE ESQUILACHE
0007-2022/ACTA 0001-CMIN,0007-2022/ACTA 0001-CMIN,CMIN,ACTA 0001-2022-OEFA/DSEM-CMIN,ACTA,1/2/2022,1/2/2022,IMPUESTA EN CAMPO,ACTA 0001-2022-OEFA/DSEM-CMIN,0007-2022-DSEM-CMIN,CONSORCIO DE INGENIEROS EJECUTORES MINEROS S.A.,EL COFRE
0039-2022/ACTA 0002-CMIN,0039-2022/ACTA 0002-CMIN,CMIN,ACTA 0002-2022-OEFA/DSEM-CMIN,ACTA,31/3/2022,31/3/2022,IMPUESTA EN CAMPO,ACTA 0002-2022-OEFA/DSEM-CMIN,0039-2022-DSEM-CMIN,EMP.EXPLOTADORA DE VINCHOS LTDA S.A.C.,VINCHOS
0059-2022/ACTA 0003-CMIN,0059-2022/ACTA 0003-CMIN,CMIN,ACTA 0003-2022-OEFA/DSEM-CMIN,ACTA,13/4/2022,13/4/2022,IMPUESTA EN CAMPO,ACTA 0003-2022-OEFA/DSEM-CMIN,0059-2022-DSEM-CMIN,LA ARENA S.A.,LA ARENA
0221-2022/ACTA 0004-CMIN,0221-2022/ACTA 0004-CMIN,CMIN,ACTA 0004-2022-OEFA/DSEM-CMIN,ACTA,2/11/2022,2/11/2022,IMPUESTA EN CAMPO,ACTA 0004-2022-OEFA/DSEM-CMIN,0221-2022-DSEM-CMIN,COMPAÑIA MINERA ANTAPACCAY S.A.,ANTAPACCAY - EXPANSIÓN TINTAYA
0043-2023/ACTA 0001-CMIN,0043-2023/ACTA 0001-CMIN,CMIN,ACTA 0001-2023-OEFA/DSEM-CMIN,ACTA,10/4/2023,10/4/2023,IMPUESTA EN CAMPO,ACTA 0001-2023-OEFA/DSEM-CMIN,0043-2023-DSEM-CMIN,CONSORCIO DE INGENIEROS EJECUTORES MINEROS S.A.,EL COFRE
0137-2023/ACTA 0002-CMIN,0137-2023/ACTA 0002-CMIN,CMIN,ACTA 0002-2023-OEFA/DSEM-CMIN,ACTA,5/9/2023,5/9/2023,IMPUESTA EN CAMPO,ACTA 0002-2023-OEFA/DSEM-CMIN,"0137-2023-DSEM-CMIN",ACTIVOS MINEROS S.A.C.,PASIVOS AMBIENTALES MINEROS DE LA EX UNIDAD MINERA CARIDAD
0046-2024/ACTA 0001-CMIN,0046-2024/ACTA 0001-CMIN,CMIN,ACTA 0001-2024-OEFA/DSEM-CMIN,ACTA,14/6/2024,14/6/2024,IMPUESTA EN CAMPO,ACTA 0001-2024-OEFA/DSEM-CMIN,0046-2024-DSEM-CMIN,ARUNTANI S.A.C.,FLORENCIA - TUCARI
0098-2024/ACTA 0002-CMIN,0098-2024/ACTA 0002-CMIN,CMIN,ACTA 0002-2024-OEFA/DSEM-CMIN,ACTA,20/7/2024,20/7/2024,IMPUESTA EN CAMPO,ACTA 0002-2024-OEFA/DSEM-CMIN,0098-2024-DSEM-CMIN,ACTIVOS MINEROS S.A.C.,PASIVOS AMBIENTALES MINEROS DE LA EX UNIDAD MINERA CARHUACAYÁN
0139-2024/ACTA 0003-CMIN,0139-2024/ACTA 0003-CMIN,CMIN,ACTA 0003-2024-OEFA/DSEM-CMIN,ACTA,1/9/2024,1/9/2024,IMPUESTA EN CAMPO,ACTA 0003-2024-OEFA/DSEM-CMIN,0139-2024-DSEM-CMIN,ARUNTANI S.A.C.,FLORENCIA - TUCARI
0139-2024/ACTA 0004-CMIN,0139-2024/ACTA 0004-CMIN,CMIN,ACTA 0004-2024-OEFA/DSEM-CMIN,ACTA,1/9/2024,1/9/2024,IMPUESTA EN CAMPO,ACTA 0004-2024-OEFA/DSEM-CMIN,0139-2024-DSEM-CMIN,ARUNTANI S.A.C.,FLORENCIA - TUCARI
0119-2024/ACTA 0005-CMIN,0119-2024/ACTA 0005-CMIN,CMIN,ACTA 0005-2024-OEFA/DSEM-CMIN,ACTA,5/10/2024,5/10/2024,IMPUESTA EN CAMPO,ACTA 0005-2024-OEFA/DSEM-CMIN,0119-2024-DSEM-CMIN,ARUNTANI S.A.C.,FLORENCIA - TUCARI
0119-2024/ACTA 0006-CMIN,0119-2024/ACTA 0006-CMIN,CMIN,ACTA 0006-2024-OEFA/DSEM-CMIN,ACTA,25/10/2024,25/10/2024,IMPUESTA EN CAMPO,ACTA 0006-2024-OEFA/DSEM-CMIN,0119-2024-DSEM-CMIN,ARUNTANI S.A.C.,FLORENCIA - TUCARI
0119-2024/ACTA 0007-CMIN,0119-2024/ACTA 0007-CMIN,CMIN,ACTA 0007-2024-OEFA/DSEM-CMIN,ACTA,16/11/2024,16/11/2024,IMPUESTA EN CAMPO,ACTA 0007-2024-OEFA/DSEM-CMIN,0119-2024-DSEM-CMIN,ARUNTANI S.A.C.,FLORENCIA - TUCARI
0202-2024/ACTA 0008-CMIN,0202-2024/ACTA 0008-CMIN,CMIN,ACTA 0008-2024-OEFA/DSEM-CMIN,ACTA,15/11/2024,15/11/2024,IMPUESTA EN CAMPO,ACTA 0008-2024-OEFA/DSEM-CMIN,0202-2024-DSEM-CMIN,VOLCAN COMPANIA MINERA S.A.A.,SAN CRISTÓBAL - MAHR TÚNEL
0119-2024/ACTA 0009-CMIN,0119-2024/ACTA 0009-CMIN,CMIN,ACTA 0009-2024-OEFA/DSEM-CMIN,ACTA,23/11/2024,23/11/2024,IMPUESTA EN CAMPO,ACTA 0009-2024-OEFA/DSEM-CMIN,0119-2024-DSEM-CMIN,ARUNTANI S.A.C.,FLORENCIA - TUCARI
0119-2024/ACTA 0010-CMIN,0119-2024/ACTA 0010-CMIN,CMIN,ACTA 0010-2024-OEFA/DSEM-CMIN,ACTA,12/12/2024,12/12/2024,IMPUESTA EN CAMPO,ACTA 0010-2024-OEFA/DSEM-CMIN,0119-2024-DSEM-CMIN,ARUNTANI S.A.C.,FLORENCIA - TUCARI
0119-2024/ACTA 0011-CMIN,0119-2024/ACTA 0011-CMIN,CMIN,ACTA 0011-2024-OEFA/DSEM-CMIN,ACTA,23/12/2024,23/12/2024,IMPUESTA EN CAMPO,ACTA 0011-2024-OEFA/DSEM-CMIN,0119-2024-DSEM-CMIN,ARUNTANI S.A.C.,FLORENCIA - TUCARI
0009-2025/ACTA 0001-CMIN,0009-2025/ACTA 0001-CMIN,CMIN,ACTA 0001-2025-OEFA/DSEM-CMIN,ACTA,16/2/2025,16/2/2025,IMPUESTA EN CAMPO,ACTA 0001-2025-OEFA/DSEM-CMIN,0009-2025-DSEM-CMIN,ARUNTANI S.A.C.,FLORENCIA - TUCARI
0026-2025/ACTA 0002-CMIN,0026-2025/ACTA 0002-CMIN,CMIN,ACTA 0002-2025-OEFA/DSEM-CMIN,ACTA,18/2/2025,18/2/2025,IMPUESTA EN CAMPO,ACTA 0002-2025-OEFA/DSEM-CMIN,0026-2025-DSEM-CMIN,EMPRESA ADMINISTRADORA CERRO S.A.C.,CERRO DE PASCO
0009-2025/ACTA 0003-CMIN,0009-2025/ACTA 0003-CMIN,CMIN,ACTA 0003-2025-OEFA/DSEM-CMIN,ACTA,26/2/2025,26/2/2025,IMPUESTA EN CAMPO,ACTA 0003-2025-OEFA/DSEM-CMIN,0009-2025-DSEM-CMIN,ARUNTANI S.A.C.,FLORENCIA - TUCARI
0080-2025/ACTA 0004-CMIN,0080-2025/ACTA 0004-CMIN,CMIN,ACTA 0004-2025-OEFA/DSEM-CMIN,ACTA,12/4/2025,12/4/2025,IMPUESTA EN CAMPO,ACTA 0004-2025-OEFA/DSEM-CMIN,0080-2025-DSEM-CMIN,RECUPERADA SOCIEDAD ANONIMA CERRADA - RECUPERADA S.A.C.,RECUPERADA
0119-2025/ACTA 0005-CMIN,0119-2025/ACTA 0005-CMIN,CMIN,ACTA 0005-2025-OEFA/DSEM-CMIN,ACTA,3/6/2025,3/6/2025,IMPUESTA EN CAMPO,ACTA 0005-2025-OEFA/DSEM-CMIN,0119-2025-DSEM-CMIN,ARUNTANI S.A.C.,ARASI
0186-2025/ACTA 0006-CMIN,0186-2025/ACTA 0006-CMIN,CMIN,ACTA 0006-2025-OEFA/DSEM-CMIN,ACTA,22/6/2025,22/6/2025,IMPUESTA EN CAMPO,ACTA 0006-2025-OEFA/DSEM-CMIN,0186-2025-DSEM-CMIN,MINERA YANACOCHA S.R.L.,CHAUPILOMA SUR
0152-2025/ACTA 0007-CMIN,0152-2025/ACTA 0007-CMIN,CMIN,ACTA 0007-2025-OEFA/DSEM-CMIN,ACTA,1/7/2025,1/7/2025,IMPUESTA EN CAMPO,ACTA 0007-2025-OEFA/DSEM-CMIN,0152-2025-DSEM-CMIN,MINERA YANACOCHA S.R.L.,CHAUPILOMA SUR
0167-2025/ACTA 0008-CMIN,0167-2025/ACTA 0008-CMIN,CMIN,ACTA 0008-2025-OEFA/DSEM-CMIN,ACTA,7/7/2025,7/7/2025,IMPUESTA EN CAMPO,ACTA 0008-2025-OEFA/DSEM-CMIN,0167-2025-DSEM-CMIN,MINERA IRL S.A.,CORIHUARMI
0148-2025/ACTA 0009-CMIN,0148-2025/ACTA 0009-CMIN,CMIN,ACTA 0009-2025-OEFA/DSEM-CMIN,ACTA,5/9/2025,5/9/2025,IMPUESTA EN CAMPO,ACTA 0009-2025-OEFA/DSEM-CMIN,0148-2025-DSEM-CMIN,ARUNTANI S.A.C.,FLORENCIA - TUCARI
0263-2025/ACTA 0010-CMIN,0263-2025/ACTA 0010-CMIN,CMIN,ACTA 0010-2025-OEFA/DSEM-CMIN,ACTA,29/10/2025,29/10/2025,IMPUESTA EN CAMPO,ACTA 0010-2025-OEFA/DSEM-CMIN,0263-2025-DSEM-CMIN,COMPANIA MINERA ARES S.A.C.,SIPÁN
0060-2017-OEFA/DS/MODIFICADA,,,,,,,,,,,
0017-2017-OEFA/DS/MODIFICADA,,,,,,,,,,,
0017-2017-OEFA/DS/MODIFICADA,,,,,,,,,,,
0047-2018-OEFA/DSEM/MODIFICADA,,,,,,,,,,,
0041-2018-OEFA/DSEM/MODIFICADA,,,,,,,,,,,
0041-2018-OEFA/DSEM/MODIFICADA,,,,,,,,,,,
0016-2018-OEFA/DSEM/MODIFICADA,,,,,,,,,,,
0024-2018-OEFA/DSEM/MODIFICADA,,,,,,,,,,,
0028-2018-OEFA/DSEM/MODIFICADA,,,,,,,,,,,
0031-2018-OEFA/DSEM/MODIFICADA,,,,,,,,,,,
0039-2018-OEFA/DSEM/MODIFICADA,,,,,,,,,,,
0033-2018-OEFA/DSEM/MODIFICADA,,,,,,,,,,,
0044-2018-OEFA/DSEM/MODIFICADA,,,,,,,,,,,
0044-2018-OEFA/DSEM/MODIFICADA,,,,,,,,,,,
0054-2018-OEFA/DSEM/MODIFICADA,,,,,,,,,,,
0007-2019-OEFA/DSEM/MODIFICADA,,,,,,,,,,,
0047-2019-OEFA/DSEM/MODIFICADA,,,,,,,,,,,
0065-2018-OEFA/DSEM/MODIFICADA,,,,,,,,,,,
0047-2019-OEFA/DSEM/MODIFICADA,,,,,,,,,,,
0061-2018-OEFA/DSEM/MODIFICADA,,,,,,,,,,,
0061-2018-OEFA/DSEM/MODIFICADA,,,,,,,,,,,
0061-2018-OEFA/DSEM/MODIFICADA,,,,,,,,,,,
0024-2019-OEFA/DSEM/MODIFICADA,,,,,,,,,,,
0040-2019-OEFA/DSEM/MODIFICADA,,,,,,,,,,,
0041-2019-OEFA/DSEM/MODIFICADA,,,,,,,,,,,
0041-2019-OEFA/DSEM/MODIFICADA,,,,,,,,,,,
0041-2019-OEFA/DSEM/MODIFICADA,,,,,,,,,,,
0055-2019-OEFA/DSEM/MODIFICADA,,,,,,,,,,,
0037-2019-OEFA/DSEM/MODIFICADA,,,,,,,,,,,
0045-2019-OEFA/DSEM/MODIFICADA,,,,,,,,,,,
0045-2019-OEFA/DSEM/MODIFICADA,,,,,,,,,,,
0045-2019-OEFA/DSEM/MODIFICADA,,,,,,,,,,,
0045-2019-OEFA/DSEM/MODIFICADA,,,,,,,,,,,
0045-2019-OEFA/DSEM/MODIFICADA,,,,,,,,,,,
0047-2019-OEFA/DSEM/MODIFICADA,,,,,,,,,,,
0062-2019-OEFA/DSEM/MODIFICADA,,,,,,,,,,,
0062-2019-OEFA/DSEM/MODIFICADA,,,,,,,,,,,
0035-2020-OEFA/DSEM/MODIFICADA,,,,,,,,,,,
0068-2019-OEFA/DSEM/MODIFICADA,,,,,,,,,,,
0068-2019-OEFA/DSEM/MODIFICADA,,,,,,,,,,,
0018-2020-OEFA/DSEM/MODIFICADA,,,,,,,,,,,
0018-2020-OEFA/DSEM/MODIFICADA,,,,,,,,,,,
0071-2019-OEFA/DSEM/MODIFICADA,,,,,,,,,,,
0071-2019-OEFA/DSEM/MODIFICADA,,,,,,,,,,,
0019-2020-OEFA/DSEM/MODIFICADA,,,,,,,,,,,
0019-2020-OEFA/DSEM/MODIFICADA,,,,,,,,,,,
0019-2020-OEFA/DSEM/MODIFICADA,,,,,,,,,,,
0005-2020-OEFA/DSEM/MODIFICADA,,,,,,,,,,,
0006-2020-OEFA/DSEM/MODIFICADA,,,,,,,,,,,
0049-2020-OEFA/DSEM/MODIFICADA,,,,,,,,,,,
0049-2020-OEFA/DSEM/MODIFICADA,,,,,,,,,,,
0073-2020-OEFA/DSEM/MODIFICADA,,,,,,,,,,,
0073-2020-OEFA/DSEM/MODIFICADA,,,,,,,,,,,
0034-2020-OEFA/DSEM/MODIFICADA,,,,,,,,,,,
0060-2020-OEFA/DSEM/MODIFICADA,,,,,,,,,,,
0059-2020-OEFA/DSEM/MODIFICADA,,,,,,,,,,,
0047-2020-OEFA/DSEM/MODIFICADA,,,,,,,,,,,
0051-2021-OEFA/DSEM/MODIFICADA,,,,,,,,,,,
0084-2020-OEFA/DSEM/MODIFICADA,,,,,,,,,,,
0084-2020-OEFA/DSEM/MODIFICADA,,,,,,,,,,,
0084-2020-OEFA/DSEM/MODIFICADA,,,,,,,,,,,
0084-2020-OEFA/DSEM/MODIFICADA,,,,,,,,,,,
0084-2020-OEFA/DSEM/MODIFICADA,,,,,,,,,,,
0084-2020-OEFA/DSEM/MODIFICADA,,,,,,,,,,,
0084-2020-OEFA/DSEM/MODIFICADA,,,,,,,,,,,
0084-2020-OEFA/DSEM/MODIFICADA,,,,,,,,,,,
0084-2020-OEFA/DSEM/MODIFICADA,,,,,,,,,,,
0084-2020-OEFA/DSEM/MODIFICADA,,,,,,,,,,,
0084-2020-OEFA/DSEM/MODIFICADA,,,,,,,,,,,
0091-2020-OEFA/DSEM/MODIFICADA,,,,,,,,,,,
0091-2020-OEFA/DSEM/MODIFICADA,,,,,,,,,,,
0091-2020-OEFA/DSEM/MODIFICADA,,,,,,,,,,,
0026-2021-OEFA/DSEM/MODIFICADA,,,,,,,,,,,
0026-2021-OEFA/DSEM/MODIFICADA,,,,,,,,,,,
0027-2021-OEFA/DSEM/MODIFICADA,,,,,,,,,,,
0113-2020-OEFA/DSEM/MODIFICADA,,,,,,,,,,,
0029-2021-OEFA/DSEM/MODIFICADA,,,,,,,,,,,
0102-2020-OEFA/DSEM/MODIFICADA,,,,,,,,,,,
0034-2021-OEFA/DSEM/MODIFICADA,,,,,,,,,,,
0010-2022-OEFA/DSEM/MODIFICADA,,,,,,,,,,,
0046-2021-OEFA/DSEM/MODIFICADA,,,,,,,,,,,
0046-2021-OEFA/DSEM/MODIFICADA,,,,,,,,,,,
0111-2020-OEFA/DSEM/MODIFICADA,,,,,,,,,,,
0112-2020-OEFA/DSEM/MODIFICADA,,,,,,,,,,,
0046-2021-OEFA/DSEM/MODIFICADA,,,,,,,,,,,
0046-2021-OEFA/DSEM/MODIFICADA,,,,,,,,,,,
0046-2021-OEFA/DSEM/MODIFICADA,,,,,,,,,,,
0046-2021-OEFA/DSEM/MODIFICADA,,,,,,,,,,,
0046-2021-OEFA/DSEM/MODIFICADA,,,,,,,,,,,
0069-2021-OEFA/DSEM/MODIFICADA,,,,,,,,,,,
0089-2021-OEFA/DSEM/MODIFICADA,,,,,,,,,,,
0028-2021-OEFA/DSEM/MODIFICADA,,,,,,,,,,,
0028-2021-OEFA/DSEM/MODIFICADA,,,,,,,,,,,
0040-2021-OEFA/DSEM/MODIFICADA,,,,,,,,,,,
0067-2021-OEFA/DSEM/MODIFICADA,,,,,,,,,,,
0067-2021-OEFA/DSEM/MODIFICADA,,,,,,,,,,,
0046-2021-OEFA/DSEM/MODIFICADA,,,,,,,,,,,
0046-2021-OEFA/DSEM/MODIFICADA,,,,,,,,,,,
0046-2021-OEFA/DSEM/MODIFICADA,,,,,,,,,,,
0046-2021-OEFA/DSEM/MODIFICADA,,,,,,,,,,,
0050-2021-OEFA/DSEM/MODIFICADA,,,,,,,,,,,
0067-2021-OEFA/DSEM/MODIFICADA,,,,,,,,,,,
0067-2021-OEFA/DSEM/MODIFICADA,,,,,,,,,,,
0067-2021-OEFA/DSEM/MODIFICADA,,,,,,,,,,,
0067-2021-OEFA/DSEM/MODIFICADA,,,,,,,,,,,
0076-2021-OEFA/DSEM/MODIFICADA,,,,,,,,,,,
0049-2021-OEFA/DSEM/MODIFICADA,,,,,,,,,,,
0124-2021-OEFA/DSEM/MODIFICADA,,,,,,,,,,,
0059-2021-OEFA/DSEM/MODIFICADA,,,,,,,,,,,
0060-2021-OEFA/DSEM/MODIFICADA,,,,,,,,,,,
0086-2021-OEFA/DSEM/MODIFICADA,,,,,,,,,,,
0085-2021-OEFA/DSEM/MODIFICADA,,,,,,,,,,,
0091-2021-OEFA/DSEM/MODIFICADA,,,,,,,,,,,
0078-2021-OEFA/DSEM/MODIFICADA,,,,,,,,,,,
0122-2021-OEFA/DSEM/MODIFICADA,,,,,,,,,,,
0107-2021-OEFA/DSEM/MODIFICADA,,,,,,,,,,,
0125-2021-OEFA/DSEM/MODIFICADA,,,,,,,,,,,
0105-2021-OEFA/DSEM/MODIFICADA,,,,,,,,,,,
0106-2021-OEFA/DSEM/MODIFICADA,,,,,,,,,,,
0126-2021-OEFA/DSEM/MODIFICADA,,,,,,,,,,,
0111-2021-OEFA/DSEM/MODIFICADA,,,,,,,,,,,
0111-2021-OEFA/DSEM/MODIFICADA,,,,,,,,,,,
0111-2021-OEFA/DSEM/MODIFICADA,,,,,,,,,,,
0224-2021-OEFA/DSEM/MODIFICADA,,,,,,,,,,,
0166-2021-OEFA/DSEM/MODIFICADA,,,,,,,,,,,
0166-2021-OEFA/DSEM/MODIFICADA,,,,,,,,,,,
0149-2021-OEFA/DSEM/MODIFICADA,,,,,,,,,,,
0165-2021-OEFA/DSEM/MODIFICADA,,,,,,,,,,,
0180-2021-OEFA/DSEM/MODIFICADA,,,,,,,,,,,
0179-2021-OEFA/DSEM/MODIFICADA,,,,,,,,,,,
0185-2021-OEFA/DSEM/MODIFICADA,,,,,,,,,,,
0185-2021-OEFA/DSEM/MODIFICADA,,,,,,,,,,,
0206-2021-OEFA/DSEM/MODIFICADA,,,,,,,,,,,
0175-2021-OEFA/DSEM/MODIFICADA,,,,,,,,,,,
0190-2021-OEFA/DSEM/MODIFICADA,,,,,,,,,,,
0020-2022-OEFA/DSEM/MODIFICADA,,,,,,,,,,,
0047-2022-OEFA/DSEM/MODIFICADA,,,,,,,,,,,
0225-2021-OEFA/DSEM/MODIFICADA,,,,,,,,,,,
0006-2022-OEFA/DSEM/MODIFICADA,,,,,,,,,,,
0065-2018-OEFA/DSEM/MODIFICADA,,,,,,,,,,,
0047-2019-OEFA/DSEM/MODIFICADA,,,,,,,,,,,
0047-2019-OEFA/DSEM/MODIFICADA,,,,,,,,,,,
0064-2022-OEFA/DSEM/MODIFICADA,,,,,,,,,,,
0064-2022-OEFA/DSEM/MODIFICADA,,,,,,,,,,,
0069-2022-OEFA/DSEM/MODIFICADA,,,,,,,,,,,
0069-2022-OEFA/DSEM/MODIFICADA,,,,,,,,,,,
0069-2022-OEFA/DSEM/MODIFICADA,,,,,,,,,,,
0070-2022-OEFA/DSEM/MODIFICADA,,,,,,,,,,,
0075-2022-OEFA/DSEM/MODIFICADA,,,,,,,,,,,
0065-2022-OEFA/DSEM/MODIFICADA,,,,,,,,,,,
0155-2022-OEFA/DSEM/MODIFICADA,,,,,,,,,,,
0099-2022-OEFA/DSEM/MODIFICADA,,,,,,,,,,,
0206-2021-OEFA/DSEM/MODIFICADA,,,,,,,,,,,
0036-2016-OEFA/DS/MODIFICADA,,,,,,,,,,,
0036-2016-OEFA/DS/MODIFICADA,,,,,,,,,,,
0035-2020-OEFA/DSEM/MODIFICADA,,,,,,,,,,,
0129-2022-OEFA/DSEM/MODIFICADA,,,,,,,,,,,
0129-2022-OEFA/DSEM/MODIFICADA,,,,,,,,,,,
0157-2022-OEFA/DSEM/MODIFICADA,,,,,,,,,,,
0165-2022-OEFA/DSEM/MODIFICADA,,,,,,,,,,,
0169-2022-OEFA/DSEM/MODIFICADA,,,,,,,,,,,
0170-2022-OEFA/DSEM/MODIFICADA,,,,,,,,,,,
0171-2022-OEFA/DSEM/MODIFICADA,,,,,,,,,,,
0183-2022-OEFA/DSEM/MODIFICADA,,,,,,,,,,,
0190-2022-OEFA/DSEM/MODIFICADA,,,,,,,,,,,
0195-2022-OEFA/DSEM/MODIFICADA,,,,,,,,,,,
0195-2022-OEFA/DSEM/MODIFICADA,,,,,,,,,,,
0195-2022-OEFA/DSEM/MODIFICADA,,,,,,,,,,,
0196-2022-OEFA/DSEM/MODIFICADA,,,,,,,,,,,
0209-2022-OEFA/DSEM/MODIFICADA,,,,,,,,,,,
0213-2022-OEFA/DSEM/MODIFICADA,,,,,,,,,,,
0217-2022-OEFA/DSEM/MODIFICADA,,,,,,,,,,,
0221-2022-OEFA/DSEM/MODIFICADA,,,,,,,,,,,
0221-2022-OEFA/DSEM/MODIFICADA,,,,,,,,,,,
0221-2022-OEFA/DSEM/MODIFICADA,,,,,,,,,,,
0239-2022-OEFA/DSEM/MODIFICADA,,,,,,,,,,,
0249-2022-OEFA/DSEM/MODIFICADA,,,,,,,,,,,
0262-2022-OEFA/DSEM/MODIFICADA,,,,,,,,,,,
0263-2022-OEFA/DSEM/MODIFICADA,,,,,,,,,,,
0263-2022-OEFA/DSEM/MODIFICADA,,,,,,,,,,,
0263-2022-OEFA/DSEM/MODIFICADA,,,,,,,,,,,
0269-2022-OEFA/DSEM/MODIFICADA,,,,,,,,,,,
0275-2022-OEFA/DSEM/MODIFICADA,,,,,,,,,,,
0275-2022-OEFA/DSEM/MODIFICADA,,,,,,,,,,,
0275-2022-OEFA/DSEM/MODIFICADA,,,,,,,,,,,
0278-2022-OEFA/DSEM/MODIFICADA,,,,,,,,,,,
0001-2023-OEFA/DSEM/MODIFICADA,,,,,,,,,,,
0003-2023-OEFA/DSEM/MODIFICADA,,,,,,,,,,,
0021-2023-OEFA/DSEM/MODIFICADA,,,,,,,,,,,
0024-2023-OEFA/DSEM/MODIFICADA,,,,,,,,,,,
0043-2023-OEFA/DSEM/MODIFICADA,,,,,,,,,,,
0047-2023-OEFA/DSEM/MODIFICADA,,,,,,,,,,,
0061-2023-OEFA/DSEM/MODIFICADA,,,,,,,,,,,
0064-2023-OEFA/DSEM/MODIFICADA,,,,,,,,,,,
0064-2023-OEFA/DSEM/MODIFICADA,,,,,,,,,,,
0068-2023-OEFA/DSEM/MODIFICADA,,,,,,,,,,,
0068-2023-OEFA/DSEM/MODIFICADA,,,,,,,,,,,
0098-2023-OEFA/DSEM/MODIFICADA,,,,,,,,,,,
0105-2023-OEFA/DSEM/MODIFICADA,,,,,,,,,,,
0109-2023-OEFA/DSEM/MODIFICADA,,,,,,,,,,,
0109-2023-OEFA/DSEM/MODIFICADA,,,,,,,,,,,
0119-2023-OEFA/DSEM/MODIFICADA,,,,,,,,,,,
0115-2023-OEFA/DSEM/MODIFICADA,,,,,,,,,,,
0115-2023-OEFA/DSEM/MODIFICADA,,,,,,,,,,,
0120-2023-OEFA/DSEM/MODIFICADA,,,,,,,,,,,
0120-2023-OEFA/DSEM/MODIFICADA,,,,,,,,,,,
0133-2023-OEFA/DSEM/MODIFICADA,,,,,,,,,,,
0146-2023-OEFA/DSEM/MODIFICADA,,,,,,,,,,,
0148-2023-OEFA/DSEM/MODIFICADA,,,,,,,,,,,
0150-2023-OEFA/DSEM/MODIFICADA,,,,,,,,,,,
0158-2023-OEFA/DSEM/MODIFICADA,,,,,,,,,,,
0159-2023-OEFA/DSEM/MODIFICADA,,,,,,,,,,,
0160-2023-OEFA/DSEM/MODIFICADA,,,,,,,,,,,
0161-2023-OEFA/DSEM/MODIFICADA,,,,,,,,,,,
0162-2023-OEFA/DSEM/MODIFICADA,,,,,,,,,,,
0182-2023-OEFA/DSEM/MODIFICADA,,,,,,,,,,,
0182-2023-OEFA/DSEM/MODIFICADA,,,,,,,,,,,
0183-2023-OEFA/DSEM/MODIFICADA,,,,,,,,,,,
0184-2023-OEFA/DSEM/MODIFICADA,,,,,,,,,,,
0184-2023-OEFA/DSEM/MODIFICADA,,,,,,,,,,,
0186-2023-OEFA/DSEM/MODIFICADA,,,,,,,,,,,
0187-2023-OEFA/DSEM/MODIFICADA,,,,,,,,,,,
0188-2023-OEFA/DSEM/MODIFICADA,,,,,,,,,,,
0191-2023-OEFA/DSEM/MODIFICADA,,,,,,,,,,,
0191-2023-OEFA/DSEM/MODIFICADA,,,,,,,,,,,
0191-2023-OEFA/DSEM/MODIFICADA,,,,,,,,,,,
0191-2023-OEFA/DSEM/MODIFICADA,,,,,,,,,,,
0191-2023-OEFA/DSEM/MODIFICADA,,,,,,,,,,,
0192-2023-OEFA/DSEM/MODIFICADA,,,,,,,,,,,
0194-2023-OEFA/DSEM/MODIFICADA,,,,,,,,,,,
0195-2023-OEFA/DSEM/MODIFICADA,,,,,,,,,,,
0195-2023-OEFA/DSEM/MODIFICADA,,,,,,,,,,,
0209-2023-OEFA/DSEM/MODIFICADA,,,,,,,,,,,
0210-2023-OEFA/DSEM/MODIFICADA,,,,,,,,,,,
0210-2023-OEFA/DSEM/MODIFICADA,,,,,,,,,,,
0013-2024-OEFA/DSEM/MODIFICADA,,,,,,,,,,,
0013-2024-OEFA/DSEM/MODIFICADA,,,,,,,,,,,
0019-2024-OEFA/DSEM/MODIFICADA,,,,,,,,,,,
0024-2024-OEFA/DSEM/MODIFICADA,,,,,,,,,,,
0024-2024-OEFA/DSEM/MODIFICADA,,,,,,,,,,,
0024-2024-OEFA/DSEM/MODIFICADA,,,,,,,,,,,
0039-2024-OEFA/DSEM/MODIFICADA,,,,,,,,,,,
0057-2024-OEFA/DSEM/MODIFICADA,,,,,,,,,,,
0068-2024-OEFA/DSEM/MODIFICADA,,,,,,,,,,,
0069-2024-OEFA/DSEM/MODIFICADA,,,,,,,,,,,
0078-2024-OEFA/DSEM/MODIFICADA,,,,,,,,,,,
0078-2024-OEFA/DSEM/MODIFICADA,,,,,,,,,,,
0094-2024-OEFA/DSEM/MODIFICADA,,,,,,,,,,,
0094-2024-OEFA/DSEM/MODIFICADA,,,,,,,,,,,
0097-2024-OEFA/DSEM/MODIFICADA,,,,,,,,,,,
0098-2024-OEFA/DSEM/MODIFICADA,,,,,,,,,,,
0098-2024-OEFA/DSEM/MODIFICADA,,,,,,,,,,,
0103-2024-OEFA/DSEM/MODIFICADA,,,,,,,,,,,
0107-2024-OEFA/DSEM/MODIFICADA,,,,,,,,,,,
0115-2024-OEFA/DSEM/MODIFICADA,,,,,,,,,,,
0101-2024-OEFA/DSEM/MODIFICADA,,,,,,,,,,,
0128-2024-OEFA/DSEM/MODIFICADA,,,,,,,,,,,
0130-2024-OEFA/DSEM/MODIFICADA,,,,,,,,,,,
0166-2024-OEFA/DSEM/MODIFICADA,,,,,,,,,,,
0270-2025-OEFA/DSEM/MODIFICADA,,,,,,,,,,,
0270-2025-OEFA/DSEM/MODIFICADA,,,,,,,,,,,
0262-2025-OEFA/DSEM/MODIFICADA,,,,,,,,,,,
0262-2025-OEFA/DSEM/MODIFICADA,,,,,,,,,,,
0229-2024-OEFA/DSEM/MODIFICADA,,,,,,,,,,,
0020-2025-OEFA/DSEM/MODIFICADA,,,,,,,,,,,
0066-2025-OEFA/DSEM/MODIFICADA,,,,,,,,,,,
0066-2025-OEFA/DSEM/MODIFICADA,,,,,,,,,,,
0066-2025-OEFA/DSEM/MODIFICADA,,,,,,,,,,,
0221-2024-OEFA/DSEM/MODIFICADA,,,,,,,,,,,
0105-2026-OEFA/DSEM/MODIFICADA,,,,,,,,,,,
0178-2024-OEFA/DSEM/MODIFICADA,,,,,,,,,,,
0204-2024-OEFA/DSEM/MODIFICADA,,,,,,,,,,,
0215-2024-OEFA/DSEM/MODIFICADA,,,,,,,,,,,
0229-2024-OEFA/DSEM/MODIFICADA,,,,,,,,,,,
0197-2024-OEFA/DSEM/MODIFICADA,,,,,,,,,,,
0247-2024-OEFA/DSEM/MODIFICADA,,,,,,,,,,,
0249-2024-OEFA/DSEM/MODIFICADA,,,,,,,,,,,
0261-2024-OEFA/DSEM/MODIFICADA,,,,,,,,,,,
0272-2024-OEFA/DSEM/MODIFICADA,,,,,,,,,,,
0279-2024-OEFA/DSEM/MODIFICADA,,,,,,,,,,,
0007-2025-OEFA/DSEM/MODIFICADA,,,,,,,,,,,
0018-2025-OEFA/DSEM/MODIFICADA,,,,,,,,,,,
0272-2025-OEFA/DSEM/MODIFICADA,,,,,,,,,,,
0025-2025-OEFA/DSEM/MODIFICADA,,,,,,,,,,,
0010-2025-OEFA/DSEM/MODIFICADA,,,,,,,,,,,
0030-2025-OEFA/DSEM/MODIFICADA,,,,,,,,,,,
0013-2025-OEFA/DSEM/MODIFICADA,,,,,,,,,,,
0027-2025-OEFA/DSEM/MODIFICADA,,,,,,,,,,,
0263-2025-OEFA/DSEM/MODIFICADA,,,,,,,,,,,
0046-2025-OEFA/DSEM/MODIFICADA,,,,,,,,,,,
0062-2025-OEFA/DSEM/MODIFICADA,,,,,,,,,,,
0062-2025-OEFA/DSEM/MODIFICADA,,,,,,,,,,,
0062-2025-OEFA/DSEM/MODIFICADA,,,,,,,,,,,
0065-2025-OEFA/DSEM/MODIFICADA,,,,,,,,,,,
0065-2025-OEFA/DSEM/MODIFICADA,,,,,,,,,,,
0065-2025-OEFA/DSEM/MODIFICADA,,,,,,,,,,,
0062-2025-OEFA/DSEM/MODIFICADA,,,,,,,,,,,
0080-2025-OEFA/DSEM/MODIFICADA,,,,,,,,,,,
0080-2025-OEFA/DSEM/MODIFICADA,,,,,,,,,,,
0082-2025-OEFA/DSEM/MODIFICADA,,,,,,,,,,,
0098-2025-OEFA/DSEM/MODIFICADA,,,,,,,,,,,
0098-2025-OEFA/DSEM/MODIFICADA,,,,,,,,,,,
0110-2025-OEFA/DSEM/MODIFICADA,,,,,,,,,,,
0110-2025-OEFA/DSEM/MODIFICADA,,,,,,,,,,,
0115-2025-OEFA/DSEM/MODIFICADA,,,,,,,,,,,
0120-2025-OEFA/DSEM/MODIFICADA,,,,,,,,,,,
0131-2025-OEFA/DSEM/MODIFICADA,,,,,,,,,,,
0145-2025-OEFA/DSEM/MODIFICADA,,,,,,,,,,,
0133-2025-OEFA/DSEM/MODIFICADA,,,,,,,,,,,
0133-2025-OEFA/DSEM/MODIFICADA,,,,,,,,,,,
0152-2025-OEFA/DSEM/MODIFICADA,,,,,,,,,,,
0157-2025-OEFA/DSEM/MODIFICADA,,,,,,,,,,,
0157-2025-OEFA/DSEM/MODIFICADA,,,,,,,,,,,
0157-2025-OEFA/DSEM/MODIFICADA,,,,,,,,,,,
0172-2025-OEFA/DSEM/MODIFICADA,,,,,,,,,,,
0176-2025-OEFA/DSEM/MODIFICADA,,,,,,,,,,,
0176-2025-OEFA/DSEM/MODIFICADA,,,,,,,,,,,
0176-2025-OEFA/DSEM/MODIFICADA,,,,,,,,,,,
0177-2025-OEFA/DSEM/MODIFICADA,,,,,,,,,,,
0178-2025-OEFA/DSEM/MODIFICADA,,,,,,,,,,,
0179-2025-OEFA/DSEM/MODIFICADA,,,,,,,,,,,
0187-2025-OEFA/DSEM/MODIFICADA,,,,,,,,,,,
0187-2025-OEFA/DSEM/MODIFICADA,,,,,,,,,,,
0187-2025-OEFA/DSEM/MODIFICADA,,,,,,,,,,,
0187-2025-OEFA/DSEM/MODIFICADA,,,,,,,,,,,
0196-2025-OEFA/DSEM/MODIFICADA,,,,,,,,,,,
0207-2025-OEFA/DSEM/MODIFICADA,,,,,,,,,,,
0206-2025-OEFA/DSEM/MODIFICADA,,,,,,,,,,,
0211-2025-OEFA/DSEM/MODIFICADA,,,,,,,,,,,
0215-2025-OEFA/DSEM/MODIFICADA,,,,,,,,,,,
0217-2025-OEFA/DSEM/MODIFICADA,,,,,,,,,,,
0217-2025-OEFA/DSEM/MODIFICADA,,,,,,,,,,,
0227-2025-OEFA/DSEM/MODIFICADA,,,,,,,,,,,
0228-2025-OEFA/DSEM/MODIFICADA,,,,,,,,,,,
0228-2025-OEFA/DSEM/MODIFICADA,,,,,,,,,,,
0253-2025-OEFA/DSEM/MODIFICADA,,,,,,,,,,,
0253-2025-OEFA/DSEM/MODIFICADA,,,,,,,,,,,
0246-2025-OEFA/DSEM/MODIFICADA,,,,,,,,,,,
0252-2025-OEFA/DSEM/MODIFICADA,,,,,,,,,,,
0236-2025-OEFA/DSEM/MODIFICADA,,,,,,,,,,,
0236-2025-OEFA/DSEM/MODIFICADA,,,,,,,,,,,
0236-2025-OEFA/DSEM/MODIFICADA,,,,,,,,,,,
0236-2025-OEFA/DSEM/MODIFICADA,,,,,,,,,,,
0236-2025-OEFA/DSEM/MODIFICADA,,,,,,,,,,,
0236-2025-OEFA/DSEM/MODIFICADA,,,,,,,,,,,
0236-2025-OEFA/DSEM/MODIFICADA,,,,,,,,,,,
0236-2025-OEFA/DSEM/MODIFICADA,,,,,,,,,,,
0236-2025-OEFA/DSEM/MODIFICADA,,,,,,,,,,,
0236-2025-OEFA/DSEM/MODIFICADA,,,,,,,,,,,
0236-2025-OEFA/DSEM/MODIFICADA,,,,,,,,,,,
0236-2025-OEFA/DSEM/MODIFICADA,,,,,,,,,,,
0236-2025-OEFA/DSEM/MODIFICADA,,,,,,,,,,,
0236-2025-OEFA/DSEM/MODIFICADA,,,,,,,,,,,
0236-2025-OEFA/DSEM/MODIFICADA,,,,,,,,,,,
0236-2025-OEFA/DSEM/MODIFICADA,,,,,,,,,,,
0236-2025-OEFA/DSEM/MODIFICADA,,,,,,,,,,,
0236-2025-OEFA/DSEM/MODIFICADA,,,,,,,,,,,
0236-2025-OEFA/DSEM/MODIFICADA,,,,,,,,,,,
0236-2025-OEFA/DSEM/MODIFICADA,,,,,,,,,,,
0236-2025-OEFA/DSEM/MODIFICADA,,,,,,,,,,,
0236-2025-OEFA/DSEM/MODIFICADA,,,,,,,,,,,
0236-2025-OEFA/DSEM/MODIFICADA,,,,,,,,,,,
0236-2025-OEFA/DSEM/MODIFICADA,,,,,,,,,,,
0236-2025-OEFA/DSEM/MODIFICADA,,,,,,,,,,,
0236-2025-OEFA/DSEM/MODIFICADA,,,,,,,,,,,
0236-2025-OEFA/DSEM/MODIFICADA,,,,,,,,,,,
0277-2025-OEFA/DSEM/MODIFICADA,,,,,,,,,,,
0277-2025-OEFA/DSEM/MODIFICADA,,,,,,,,,,,
0292-2025-OEFA/DSEM/MODIFICADA,,,,,,,,,,,
0294-2025-OEFA/DSEM/MODIFICADA,,,,,,,,,,,
0295-2025-OEFA/DSEM/MODIFICADA,,,,,,,,,,,
0299-2025-OEFA/DSEM/MODIFICADA,,,,,,,,,,,
0309-2025-OEFA/DSEM/MODIFICADA,,,,,,,,,,,
0007-2026-OEFA/DSEM/MODIFICADA,,,,,,,,,,,
0007-2026-OEFA/DSEM/MODIFICADA,,,,,,,,,,,
0007-2026-OEFA/DSEM/MODIFICADA,,,,,,,,,,,
0007-2026-OEFA/DSEM/MODIFICADA,,,,,,,,,,,
0022-2026-OEFA/DSEM/MODIFICADA,,,,,,,,,,,
0008-2026-OEFA/DSEM/MODIFICADA,,,,,,,,,,,
0019-2026-OEFA/DSEM/MODIFICADA,,,,,,,,,,,
0061-2020-OEFA/DSEM/MODIFICADA,,,,,,,,,,,
0061-2020-OEFA/DSEM/MODIFICADA,,,,,,,,,,,
0028-2026-OEFA/DSEM/MODIFICADA,,,,,,,,,,,
0029-2026-OEFA/DSEM/MODIFICADA,,,,,,,,,,,
0032-2026-OEFA/DSEM/MODIFICADA,,,,,,,,,,,
0046-2026-OEFA/DSEM/MODIFICADA,,,,,,,,,,,
0061-2026-OEFA/DSEM/MODIFICADA,,,,,,,,,,,
0055-2026-OEFA/DSEM/MODIFICADA,,,,,,,,,,,
0056-2026-OEFA/DSEM/MODIFICADA,,,,,,,,,,,
0056-2026-OEFA/DSEM/MODIFICADA,,,,,,,,,,,
0070-2026-OEFA/DSEM/MODIFICADA,,,,,,,,,,,
0083-2026-OEFA/DSEM/MODIFICADA,,,,,,,,,,,
0086-2026-OEFA/DSEM/MODIFICADA,,,,,,,,,,,
0115-2026-OEFA/DSEM/MODIFICADA,,,,,,,,,,,
0118-2026-OEFA/DSEM/MODIFICADA,,,,,,,,,,,
0120-2026-OEFA/DSEM/MODIFICADA,,,,,,,,,,,
0122-2026-OEFA/DSEM/MODIFICADA,,,,,,,,,,,